Age,Gender,Weight (kg),Height (m),Max_BPM,Avg_BPM,Resting_BPM,Session_Duration (hours),Calories_Burned,Workout_Type,Fat_Percentage,Water_Intake (liters),Workout_Frequency (days/week),Experience_Level,BMI
24,Female,60.10,1.79,170.00,165.00,63.00,1.97,"1,625.00",Cardio,15.90,2.70,4.00,3.00,18.76
27,Male,88.50,1.98,161.00,153.00,53.00,1.80,"1,515.00",Cardio,11.10,3.50,4.00,3.00,22.57
43,Male,82.90,1.95,181.00,160.00,70.00,1.90,"1,505.00",Cardio,12.90,3.50,5.00,3.00,21.80
29,Male,88.10,1.93,186.00,143.00,66.00,1.88,"1,479.00",Cardio,11.10,3.50,5.00,3.00,23.65
59,Male,85.50,1.67,190.00,144.00,71.00,1.99,"1,418.00",Cardio,15.00,3.50,5.00,3.00,30.66
38,Male,85.80,1.80,168.00,149.00,68.00,1.72,"1,410.00",Cardio,10.10,3.50,4.00,3.00,26.48
36,Male,70.30,1.72,174.00,169.00,73.00,1.49,"1,385.00",Cardio,21.30,2.30,3.00,2.00,23.76
40,Female,62.60,1.53,197.00,143.00,73.00,1.93,"1,380.00",Cardio,18.10,2.70,5.00,3.00,26.74
38,Male,83.60,1.74,164.00,151.00,51.00,1.66,"1,379.00",Cardio,11.60,3.50,5.00,3.00,27.61
23,Female,60.90,1.62,193.00,168.00,69.00,1.59,"1,336.00",Cardio,16.80,2.70,5.00,3.00,23.21
19,Female,59.10,1.57,184.00,162.00,50.00,1.65,"1,336.00",Cardio,17.90,2.70,5.00,3.00,23.98
23,Male,81.40,1.85,194.00,150.00,74.00,1.60,"1,320.00",Cardio,12.40,3.50,4.00,3.00,23.78
29,Male,88.00,1.89,199.00,137.00,54.00,1.75,"1,319.00",Cardio,13.30,3.50,5.00,3.00,24.64
23,Male,114.80,1.60,182.00,163.00,60.00,1.47,"1,318.00",Cardio,21.70,2.70,4.00,2.00,44.84
25,Female,59.40,1.51,185.00,161.00,54.00,1.62,"1,304.00",Cardio,19.80,2.70,5.00,3.00,26.05
25,Male,95.60,1.90,190.00,160.00,72.00,1.47,"1,294.00",Cardio,23.80,2.40,4.00,2.00,26.48
57,Male,81.40,1.86,162.00,145.00,70.00,1.80,"1,292.00",Cardio,12.00,3.50,5.00,3.00,23.53
20,Male,85.70,1.92,172.00,136.00,58.00,1.72,"1,287.00",Cardio,10.50,3.50,5.00,3.00,23.25
23,Male,83.80,1.99,179.00,130.00,71.00,1.79,"1,280.00",Cardio,11.00,3.50,4.00,3.00,21.16
22,Male,102.10,1.85,190.00,157.00,67.00,1.48,"1,278.00",Cardio,28.10,2.40,4.00,2.00,29.83
34,Female,56.20,1.77,192.00,138.00,59.00,1.81,"1,249.00",Cardio,17.30,2.70,5.00,3.00,17.94
48,Male,80.60,1.77,198.00,167.00,66.00,1.51,"1,248.00",Cardio,12.90,3.50,4.00,3.00,25.73
35,Male,62.80,1.63,184.00,160.00,63.00,1.41,"1,241.00",Cardio,21.90,3.70,4.00,2.00,23.64
43,Female,55.20,1.73,167.00,165.00,62.00,1.67,"1,240.00",Cardio,16.60,2.70,5.00,3.00,18.44
19,Female,64.30,1.63,197.00,132.00,57.00,1.87,"1,234.00",Cardio,18.00,2.70,5.00,3.00,24.20
50,Male,89.60,1.68,182.00,139.00,74.00,1.79,"1,232.00",Cardio,12.20,3.50,5.00,3.00,31.75
52,Female,61.50,1.69,160.00,152.00,63.00,1.80,"1,231.00",Cardio,15.50,2.70,4.00,3.00,21.53
30,Female,61.60,1.52,178.00,138.00,71.00,1.78,"1,228.00",Cardio,19.50,2.70,4.00,3.00,26.66
56,Female,64.20,1.69,190.00,137.00,61.00,1.99,"1,227.00",Cardio,19.60,2.70,5.00,3.00,22.48
50,Male,86.70,1.63,161.00,143.00,58.00,1.70,"1,203.00",Cardio,12.10,3.50,4.00,3.00,32.63
22,Male,96.30,1.63,180.00,162.00,62.00,1.35,"1,203.00",Cardio,27.10,2.40,4.00,2.00,36.25
36,Female,47.20,1.74,196.00,160.00,53.00,1.50,"1,200.00",Cardio,32.20,1.60,4.00,2.00,15.59
36,Male,90.30,1.65,169.00,158.00,71.00,1.38,"1,199.00",Cardio,23.70,3.40,4.00,2.00,33.17
39,Male,81.70,1.75,165.00,165.00,55.00,1.32,"1,198.00",Cardio,29.10,2.80,4.00,2.00,26.68
32,Male,85.30,1.64,178.00,123.00,69.00,1.77,"1,197.00",Cardio,13.20,3.50,4.00,3.00,31.71
32,Male,87.90,1.88,173.00,143.00,64.00,1.52,"1,195.00",Cardio,11.60,3.50,5.00,3.00,24.87
40,Male,93.60,1.93,188.00,157.00,60.00,1.38,"1,192.00",Cardio,22.10,2.00,3.00,1.00,25.13
46,Male,45.00,1.77,185.00,162.00,58.00,1.48,"1,187.00",Cardio,29.10,3.60,3.00,2.00,14.36
20,Female,64.30,1.78,188.00,137.00,61.00,1.71,"1,171.00",Cardio,18.70,2.70,4.00,3.00,20.29
19,Female,49.10,1.68,193.00,164.00,58.00,1.42,"1,164.00",Cardio,25.30,2.60,4.00,2.00,17.40
41,Male,82.50,1.79,185.00,139.00,61.00,1.69,"1,163.00",Cardio,14.70,3.50,4.00,3.00,25.75
34,Female,74.20,1.57,178.00,158.00,52.00,1.47,"1,161.00",Cardio,32.70,2.40,3.00,1.00,30.10
46,Female,58.00,1.53,196.00,140.00,62.00,1.83,"1,153.00",Cardio,18.40,2.70,4.00,3.00,24.78
49,Male,88.60,2.00,162.00,127.00,56.00,1.83,"1,150.00",Cardio,14.90,3.50,4.00,3.00,22.15
46,Female,61.00,1.71,181.00,153.00,61.00,1.67,"1,150.00",Cardio,17.80,2.70,4.00,3.00,20.86
25,Male,105.00,1.88,174.00,156.00,67.00,1.34,"1,150.00",Cardio,21.40,2.30,3.00,2.00,29.71
33,Male,45.90,1.89,193.00,144.00,50.00,1.45,"1,148.00",Cardio,21.60,2.90,3.00,2.00,12.85
53,Male,84.20,1.76,165.00,137.00,69.00,1.67,"1,133.00",Cardio,12.80,3.50,5.00,3.00,27.18
19,Male,87.80,1.78,195.00,161.00,72.00,1.28,"1,133.00",Cardio,23.60,3.30,2.00,1.00,27.71
45,Male,51.10,1.87,177.00,158.00,57.00,1.44,"1,126.00",Cardio,26.20,3.40,4.00,2.00,14.61
56,Male,88.50,1.85,161.00,144.00,59.00,1.57,"1,119.00",Cardio,11.00,3.50,4.00,3.00,25.86
29,Male,106.50,1.81,177.00,156.00,60.00,1.29,"1,107.00",Cardio,25.70,2.50,4.00,2.00,32.51
58,Male,103.50,1.66,172.00,168.00,61.00,1.33,"1,106.00",Cardio,24.60,3.10,3.00,1.00,37.56
30,Male,90.00,1.66,165.00,152.00,71.00,1.32,"1,104.00",Cardio,26.60,2.10,4.00,2.00,32.66
38,Male,61.30,1.97,177.00,146.00,51.00,1.37,"1,100.00",Cardio,23.50,2.80,3.00,1.00,15.80
30,Male,121.60,2.00,179.00,160.00,60.00,1.24,"1,091.00",Cardio,28.00,3.30,4.00,2.00,30.40
55,Male,91.80,1.78,165.00,153.00,65.00,1.44,"1,091.00",Cardio,23.50,3.40,3.00,1.00,28.97
34,Male,110.50,1.86,188.00,139.00,62.00,1.42,"1,086.00",Cardio,22.30,3.60,2.00,1.00,31.94
40,Male,58.20,1.98,198.00,138.00,74.00,1.43,"1,085.00",Cardio,24.00,2.50,3.00,2.00,14.85
36,Male,121.90,1.93,195.00,132.00,54.00,1.49,"1,082.00",Cardio,21.80,3.40,3.00,2.00,32.73
38,Male,68.70,1.92,170.00,150.00,73.00,1.31,"1,081.00",Cardio,29.00,3.00,4.00,2.00,18.64
23,Male,80.90,1.80,178.00,126.00,59.00,1.55,"1,074.00",Cardio,10.70,3.50,4.00,3.00,24.97
20,Male,101.00,1.91,179.00,143.00,58.00,1.36,"1,070.00",Cardio,29.30,2.70,3.00,2.00,27.69
23,Female,65.20,1.62,192.00,156.00,59.00,1.37,"1,069.00",Cardio,31.10,2.50,3.00,2.00,24.84
56,Female,55.70,1.53,190.00,124.00,66.00,1.91,"1,066.00",Cardio,16.10,2.70,5.00,3.00,23.79
45,Male,78.30,1.96,166.00,167.00,62.00,1.29,"1,066.00",Cardio,29.00,2.20,3.00,1.00,20.38
56,Male,109.60,1.66,188.00,166.00,66.00,1.29,"1,060.00",Cardio,20.50,3.10,3.00,2.00,39.77
25,Male,112.40,1.96,188.00,135.00,72.00,1.42,"1,054.00",Cardio,23.20,2.50,2.00,1.00,29.26
42,Female,57.50,1.67,161.00,133.00,63.00,1.76,"1,053.00",Cardio,16.20,2.70,5.00,3.00,20.62
35,Female,78.90,1.64,196.00,164.00,70.00,1.28,"1,050.00",Cardio,25.30,2.60,4.00,2.00,29.34
32,Male,77.40,1.92,174.00,137.00,50.00,1.39,"1,047.00",Cardio,26.70,3.30,3.00,2.00,21.00
30,Female,79.20,1.62,181.00,166.00,66.00,1.26,"1,046.00",Cardio,28.00,2.50,4.00,2.00,30.18
46,Female,60.10,1.65,175.00,137.00,69.00,1.69,"1,042.00",Cardio,17.30,2.70,4.00,3.00,22.08
40,Female,63.50,1.61,163.00,159.00,59.00,1.31,"1,041.00",Cardio,33.40,1.60,3.00,2.00,24.50
45,Female,65.10,1.78,180.00,158.00,66.00,1.46,"1,038.00",Cardio,31.30,2.30,3.00,1.00,20.55
18,Female,57.20,1.75,193.00,160.00,74.00,1.29,"1,032.00",Cardio,33.50,2.40,3.00,2.00,18.68
24,Female,69.70,1.75,166.00,146.00,60.00,1.41,"1,029.00",Cardio,32.50,2.00,3.00,1.00,22.76
51,Male,88.20,1.62,163.00,133.00,72.00,1.56,"1,027.00",Cardio,11.80,3.50,4.00,3.00,33.61
28,Male,84.80,1.79,182.00,138.00,55.00,1.35,"1,025.00",Cardio,28.80,2.30,4.00,2.00,26.47
39,Female,68.60,1.64,162.00,154.00,53.00,1.33,"1,024.00",Cardio,32.40,1.50,3.00,2.00,25.51
25,Male,88.10,1.95,182.00,131.00,68.00,1.41,"1,016.00",Cardio,22.70,3.00,2.00,1.00,23.17
47,Male,45.90,1.93,166.00,159.00,65.00,1.29,"1,015.00",Cardio,29.60,2.00,3.00,2.00,12.32
57,Male,112.50,1.61,195.00,165.00,61.00,1.24,"1,013.00",Cardio,22.10,2.70,3.00,2.00,43.40
50,Male,50.60,1.69,162.00,156.00,60.00,1.31,"1,012.00",Cardio,23.80,3.00,2.00,1.00,17.72
39,Male,58.30,1.93,165.00,136.00,58.00,1.35,"1,010.00",Cardio,27.40,3.70,4.00,2.00,15.65
28,Female,69.60,1.58,182.00,135.00,50.00,1.49,"1,006.00",Cardio,27.80,2.00,3.00,2.00,27.88
42,Female,57.70,1.57,167.00,122.00,52.00,1.83,"1,005.00",Cardio,17.70,2.70,4.00,3.00,23.41
57,Female,43.80,1.75,180.00,160.00,73.00,1.39,"1,001.00",Cardio,25.10,1.70,2.00,1.00,14.30
20,Male,124.30,1.82,194.00,145.00,63.00,1.25,997.00,Cardio,22.40,3.20,3.00,2.00,37.53
27,Female,58.00,1.79,164.00,143.00,73.00,1.39,994.00,Cardio,27.10,1.50,2.00,1.00,18.10
18,Female,52.30,1.74,187.00,165.00,58.00,1.20,990.00,Cardio,29.40,2.20,2.00,1.00,17.27
43,Male,108.60,1.73,174.00,150.00,66.00,1.33,988.00,Cardio,28.50,2.20,2.00,1.00,36.29
36,Male,123.70,1.69,185.00,138.00,73.00,1.30,987.00,Cardio,20.40,2.10,4.00,2.00,43.31
35,Male,100.90,1.63,161.00,163.00,59.00,1.10,986.00,Cardio,28.40,3.10,2.00,1.00,37.98
57,Female,64.40,1.56,177.00,144.00,73.00,1.52,985.00,Cardio,17.80,2.70,5.00,3.00,26.46
20,Male,76.40,1.62,168.00,132.00,51.00,1.35,980.00,Cardio,21.20,2.60,4.00,2.00,29.11
22,Female,44.80,1.72,166.00,132.00,54.00,1.48,977.00,Cardio,28.60,1.80,4.00,2.00,15.14
31,Female,48.80,1.51,195.00,131.00,60.00,1.48,969.00,Cardio,28.20,2.00,2.00,1.00,21.40
31,Female,63.10,1.64,184.00,125.00,51.00,1.54,962.00,Cardio,19.00,2.70,4.00,3.00,23.46
24,Female,62.90,1.79,180.00,135.00,59.00,1.42,958.00,Cardio,27.30,2.30,4.00,2.00,19.63
40,Male,68.90,1.99,180.00,149.00,51.00,1.16,951.00,Cardio,25.00,2.40,4.00,2.00,17.40
27,Male,104.30,1.68,162.00,135.00,62.00,1.28,950.00,Cardio,29.70,3.50,3.00,2.00,36.95
48,Male,114.90,1.86,175.00,141.00,56.00,1.36,949.00,Cardio,21.10,3.60,3.00,1.00,33.21
40,Male,60.20,1.88,183.00,141.00,61.00,1.22,946.00,Cardio,25.20,3.00,3.00,2.00,17.03
49,Female,78.90,1.73,182.00,151.00,64.00,1.38,938.00,Cardio,34.00,2.30,2.00,1.00,26.36
52,Male,74.00,1.63,174.00,150.00,50.00,1.26,936.00,Cardio,25.70,3.70,3.00,2.00,27.85
46,Female,47.90,1.72,171.00,147.00,57.00,1.41,933.00,Cardio,26.30,2.00,3.00,1.00,16.19
59,Female,60.40,1.76,194.00,120.00,53.00,1.72,929.00,Cardio,18.80,2.70,5.00,3.00,19.50
34,Male,71.90,1.64,170.00,134.00,67.00,1.26,929.00,Cardio,21.30,2.10,4.00,2.00,26.73
27,Male,108.00,1.80,174.00,122.00,70.00,1.38,926.00,Cardio,28.60,2.50,4.00,2.00,33.33
55,Male,128.40,1.68,178.00,165.00,52.00,1.13,923.00,Cardio,20.40,2.60,4.00,2.00,45.49
49,Male,105.70,1.64,198.00,155.00,59.00,1.20,921.00,Cardio,29.50,3.10,3.00,2.00,39.30
30,Female,77.90,1.77,166.00,130.00,62.00,1.41,916.00,Cardio,27.90,2.60,4.00,2.00,24.87
51,Female,56.30,1.50,182.00,142.00,66.00,1.43,914.00,Cardio,27.40,2.40,3.00,1.00,25.02
56,Female,40.40,1.80,196.00,165.00,72.00,1.23,913.00,Cardio,30.00,2.10,4.00,2.00,12.47
31,Female,48.20,1.65,163.00,166.00,60.00,1.10,913.00,Cardio,26.10,2.50,2.00,1.00,17.70
23,Female,56.70,1.55,179.00,132.00,73.00,1.38,911.00,Cardio,34.00,1.90,4.00,2.00,23.60
45,Female,57.20,1.55,194.00,121.00,58.00,1.67,909.00,Cardio,18.40,2.70,5.00,3.00,23.81
29,Female,68.70,1.72,171.00,168.00,62.00,1.08,907.00,Cardio,29.80,1.70,4.00,2.00,23.22
19,Female,69.20,1.60,186.00,155.00,74.00,1.17,907.00,Cardio,32.40,1.60,3.00,1.00,27.03
27,Male,106.40,1.86,182.00,123.00,50.00,1.34,907.00,Cardio,20.60,3.10,2.00,1.00,30.76
34,Female,68.40,1.50,192.00,132.00,61.00,1.37,904.00,Cardio,33.70,2.10,4.00,2.00,30.40
42,Male,64.80,1.65,161.00,166.00,67.00,1.10,904.00,Cardio,24.40,2.80,3.00,2.00,23.80
27,Female,53.00,1.58,166.00,142.00,62.00,1.26,895.00,Cardio,34.50,1.80,4.00,2.00,21.23
40,Female,69.70,1.51,189.00,141.00,64.00,1.27,895.00,Cardio,30.60,1.90,3.00,2.00,30.57
52,Male,84.80,1.85,189.00,152.00,50.00,1.19,895.00,Cardio,23.40,3.20,2.00,1.00,24.78
31,Female,42.30,1.60,163.00,163.00,70.00,1.09,888.00,Cardio,25.10,1.90,3.00,2.00,16.52
42,Male,79.30,1.93,181.00,147.00,50.00,1.22,888.00,Cardio,27.30,3.30,2.00,1.00,21.29
43,Female,42.20,1.65,162.00,148.00,59.00,1.33,886.00,Cardio,34.60,2.30,3.00,2.00,15.50
41,Female,43.80,1.77,182.00,165.00,58.00,1.19,884.00,Cardio,31.90,1.60,3.00,1.00,13.98
19,Female,65.70,1.58,170.00,121.00,57.00,1.46,883.00,Cardio,25.90,1.90,3.00,2.00,26.32
52,Female,47.80,1.54,198.00,146.00,63.00,1.34,880.00,Cardio,29.80,1.90,3.00,2.00,20.16
56,Female,59.30,1.56,182.00,155.00,57.00,1.26,879.00,Cardio,33.40,2.60,4.00,2.00,24.37
20,Male,111.00,1.94,170.00,156.00,50.00,1.02,875.00,Cardio,27.60,3.30,4.00,2.00,29.49
43,Male,127.70,1.69,171.00,155.00,53.00,1.14,875.00,Cardio,24.10,2.90,3.00,2.00,44.71
42,Female,53.70,1.72,183.00,142.00,74.00,1.37,875.00,Cardio,29.80,1.60,3.00,1.00,18.15
38,Male,71.90,1.77,197.00,142.00,72.00,1.12,875.00,Cardio,25.70,3.10,2.00,1.00,22.95
46,Male,94.70,1.82,164.00,120.00,69.00,1.47,873.00,Cardio,23.20,3.20,3.00,2.00,28.59
54,Male,54.60,1.76,160.00,137.00,56.00,1.28,868.00,Cardio,27.40,3.30,4.00,2.00,17.63
51,Male,49.30,1.61,191.00,129.00,55.00,1.36,868.00,Cardio,28.30,2.90,2.00,1.00,19.02
31,Female,77.40,1.71,190.00,137.00,52.00,1.26,863.00,Cardio,26.20,1.80,4.00,2.00,26.47
57,Male,96.10,1.74,199.00,144.00,54.00,1.21,862.00,Cardio,21.60,2.80,3.00,2.00,31.74
56,Male,58.70,1.86,187.00,159.00,65.00,1.09,858.00,Cardio,22.60,3.30,3.00,2.00,16.97
25,Female,62.60,1.65,174.00,142.00,61.00,1.20,852.00,Cardio,27.90,2.20,3.00,1.00,22.99
54,Female,72.30,1.78,163.00,149.00,72.00,1.27,852.00,Cardio,27.70,1.80,2.00,1.00,22.82
20,Male,120.50,1.73,186.00,153.00,67.00,1.01,850.00,Cardio,29.30,3.40,3.00,2.00,40.26
34,Female,59.00,1.62,178.00,150.00,56.00,1.13,847.00,Cardio,30.90,2.40,4.00,2.00,22.48
19,Female,72.40,1.75,169.00,140.00,64.00,1.20,840.00,Cardio,31.00,1.70,4.00,2.00,23.64
54,Female,70.70,1.57,198.00,163.00,65.00,1.14,836.00,Cardio,31.80,2.10,3.00,1.00,28.68
30,Male,107.90,1.66,194.00,140.00,64.00,1.08,832.00,Cardio,29.50,2.80,3.00,2.00,39.16
21,Female,50.30,1.52,171.00,154.00,67.00,1.08,832.00,Cardio,32.20,2.60,3.00,1.00,21.77
28,Female,72.90,1.67,197.00,147.00,74.00,1.13,831.00,Cardio,34.70,2.20,3.00,2.00,26.14
54,Female,47.80,1.60,171.00,155.00,55.00,1.19,830.00,Cardio,26.00,2.30,4.00,2.00,18.67
44,Male,98.00,1.83,194.00,130.00,56.00,1.28,824.00,Cardio,25.70,3.50,4.00,2.00,29.26
43,Male,73.20,1.88,176.00,142.00,63.00,1.17,822.00,Cardio,29.40,3.30,3.00,1.00,20.71
47,Male,55.60,1.77,198.00,138.00,68.00,1.20,820.00,Cardio,24.30,2.90,4.00,2.00,17.75
26,Female,71.20,1.50,182.00,142.00,54.00,1.15,816.00,Cardio,34.60,2.60,2.00,1.00,31.64
24,Female,58.90,1.51,187.00,157.00,68.00,1.04,816.00,Cardio,31.70,2.50,2.00,1.00,25.83
48,Male,73.70,1.61,172.00,121.00,63.00,1.36,815.00,Cardio,21.80,3.60,4.00,2.00,28.43
28,Male,101.80,1.84,169.00,136.00,64.00,1.08,808.00,Cardio,29.70,2.70,3.00,1.00,30.07
45,Female,73.50,1.74,181.00,152.00,50.00,1.18,807.00,Cardio,30.00,2.30,4.00,2.00,24.28
54,Female,58.40,1.59,186.00,166.00,73.00,1.08,807.00,Cardio,32.50,1.90,2.00,1.00,23.10
35,Female,50.40,1.60,195.00,156.00,59.00,1.03,803.00,Cardio,29.10,1.90,4.00,2.00,19.69
21,Male,93.70,1.73,186.00,146.00,72.00,1.00,803.00,Cardio,27.80,3.60,2.00,1.00,31.31
19,Female,65.20,1.52,188.00,130.00,71.00,1.23,800.00,Cardio,30.60,2.40,3.00,1.00,28.22
45,Male,81.40,1.61,164.00,141.00,55.00,1.14,796.00,Cardio,30.00,2.20,4.00,2.00,31.40
52,Female,65.90,1.52,188.00,139.00,53.00,1.27,794.00,Cardio,27.00,2.30,4.00,2.00,28.52
38,Female,59.10,1.72,196.00,148.00,68.00,1.07,792.00,Cardio,31.30,1.70,3.00,2.00,19.98
35,Female,65.80,1.62,189.00,158.00,69.00,1.00,790.00,Cardio,33.80,1.50,4.00,2.00,25.07
22,Female,63.20,1.54,191.00,155.00,53.00,1.02,790.00,Cardio,29.50,2.40,4.00,2.00,26.65
25,Female,63.80,1.68,198.00,165.00,67.00,0.95,784.00,Cardio,31.60,1.90,2.00,1.00,22.60
41,Male,94.10,1.62,172.00,139.00,50.00,1.13,777.00,Cardio,23.40,3.10,4.00,2.00,35.86
56,Female,52.90,1.64,169.00,155.00,53.00,1.10,767.00,Cardio,27.40,2.30,3.00,2.00,19.67
55,Female,79.70,1.66,195.00,160.00,68.00,1.06,763.00,Cardio,27.80,1.90,2.00,1.00,28.92
49,Male,57.20,1.89,192.00,135.00,62.00,1.14,762.00,Cardio,21.10,3.50,2.00,1.00,16.01
36,Male,112.40,1.63,164.00,135.00,58.00,1.02,757.00,Cardio,25.00,3.40,4.00,2.00,42.30
21,Female,72.60,1.68,162.00,127.00,70.00,1.19,756.00,Cardio,34.20,1.80,3.00,2.00,25.72
57,Male,122.10,1.89,165.00,134.00,58.00,1.13,750.00,Cardio,27.40,3.60,3.00,1.00,34.18
34,Female,54.20,1.52,190.00,132.00,60.00,1.13,746.00,Cardio,31.00,2.20,3.00,1.00,23.46
35,Male,70.10,1.79,185.00,125.00,63.00,1.08,743.00,Cardio,28.00,2.30,3.00,2.00,21.88
31,Female,79.70,1.54,184.00,144.00,59.00,1.03,742.00,Cardio,26.70,2.30,4.00,2.00,33.61
19,Male,98.60,1.70,197.00,162.00,74.00,0.83,740.00,Cardio,21.10,2.40,2.00,1.00,34.12
33,Female,78.00,1.71,187.00,136.00,58.00,1.08,734.00,Cardio,26.30,2.10,3.00,1.00,26.67
26,Female,44.30,1.60,186.00,136.00,61.00,1.08,734.00,Cardio,34.70,2.00,3.00,1.00,17.30
51,Female,77.30,1.58,171.00,168.00,68.00,0.97,733.00,Cardio,31.10,2.00,2.00,1.00,30.96
43,Female,48.40,1.61,190.00,127.00,69.00,1.28,732.00,Cardio,34.10,2.40,2.00,1.00,18.67
35,Male,102.50,1.94,183.00,158.00,64.00,0.84,730.00,Cardio,21.10,2.40,2.00,1.00,27.23
19,Female,60.50,1.59,184.00,128.00,53.00,1.14,730.00,Cardio,30.10,2.20,2.00,1.00,23.93
45,Male,93.00,1.91,175.00,143.00,55.00,1.03,729.00,Cardio,27.30,3.70,3.00,2.00,25.49
37,Female,73.30,1.74,188.00,141.00,65.00,1.03,726.00,Cardio,25.50,2.40,3.00,2.00,24.21
18,Male,114.50,1.97,192.00,128.00,60.00,1.03,725.00,Cardio,24.10,2.60,3.00,1.00,29.50
46,Male,54.40,1.72,194.00,161.00,73.00,0.91,725.00,Cardio,24.80,2.90,2.00,1.00,18.39
57,Female,75.60,1.67,186.00,153.00,65.00,1.05,723.00,Cardio,31.60,1.80,3.00,2.00,27.11
29,Female,71.80,1.55,190.00,120.00,68.00,1.20,720.00,Cardio,26.30,2.40,4.00,2.00,29.89
55,Male,84.70,1.79,178.00,122.00,52.00,1.19,719.00,Cardio,23.30,2.40,3.00,2.00,26.43
43,Male,66.30,1.85,170.00,121.00,58.00,1.18,707.00,Cardio,27.50,3.20,2.00,1.00,19.37
48,Male,94.50,1.70,189.00,140.00,64.00,1.01,700.00,Cardio,28.20,3.50,3.00,2.00,32.70
18,Female,60.90,1.79,191.00,126.00,69.00,1.11,699.00,Cardio,31.10,2.10,2.00,1.00,19.01
18,Male,118.60,1.64,188.00,134.00,67.00,0.94,693.00,Cardio,25.60,2.70,3.00,1.00,44.10
25,Male,120.60,1.83,179.00,120.00,51.00,1.04,686.00,Cardio,22.30,2.50,3.00,2.00,36.01
18,Female,66.90,1.57,193.00,127.00,63.00,1.07,679.00,Cardio,30.70,2.20,3.00,2.00,27.14
39,Male,62.00,1.64,195.00,127.00,54.00,0.97,678.00,Cardio,27.50,3.20,3.00,1.00,23.05
32,Female,68.10,1.66,167.00,122.00,54.00,1.11,677.00,Cardio,33.40,2.30,4.00,2.00,24.71
54,Female,75.60,1.72,194.00,154.00,60.00,0.97,672.00,Cardio,26.40,1.90,3.00,1.00,25.55
58,Female,75.40,1.78,161.00,140.00,63.00,1.05,662.00,Cardio,26.00,2.50,4.00,2.00,23.80
41,Male,78.80,1.72,172.00,132.00,62.00,1.01,660.00,Cardio,27.30,3.10,4.00,2.00,26.64
33,Female,53.60,1.52,194.00,126.00,73.00,1.02,643.00,Cardio,30.90,2.30,2.00,1.00,23.20
26,Female,54.20,1.65,172.00,120.00,58.00,1.07,642.00,Cardio,34.90,1.90,4.00,2.00,19.91
59,Female,70.70,1.68,192.00,121.00,66.00,1.17,637.00,Cardio,34.90,1.90,3.00,2.00,25.05
34,Female,66.50,1.69,191.00,157.00,52.00,0.81,636.00,Cardio,28.10,2.30,3.00,1.00,23.28
25,Female,47.20,1.71,185.00,142.00,56.00,0.89,632.00,Cardio,26.00,2.50,2.00,1.00,16.14
25,Female,65.40,1.77,160.00,141.00,58.00,0.89,627.00,Cardio,27.60,2.60,3.00,1.00,20.88
52,Male,104.80,1.99,187.00,130.00,67.00,0.93,598.00,Cardio,24.00,2.00,2.00,1.00,26.46
47,Male,127.80,1.65,198.00,157.00,60.00,0.77,598.00,Cardio,28.70,3.50,2.00,1.00,46.94
37,Female,55.60,1.57,182.00,123.00,53.00,0.97,597.00,Cardio,29.20,2.40,2.00,1.00,22.56
52,Male,45.10,1.72,196.00,129.00,70.00,0.93,594.00,Cardio,27.50,3.30,2.00,1.00,15.24
43,Female,72.70,1.80,162.00,166.00,50.00,0.79,590.00,Cardio,32.80,2.10,3.00,1.00,22.44
54,Male,55.20,1.71,164.00,152.00,67.00,0.77,579.00,Cardio,24.40,2.80,2.00,1.00,18.88
46,Female,56.90,1.60,185.00,143.00,65.00,0.88,566.00,Cardio,27.70,1.60,3.00,1.00,22.23
33,Female,59.00,1.67,175.00,124.00,55.00,0.90,558.00,Cardio,33.70,1.90,3.00,1.00,21.16
18,Female,72.70,1.55,172.00,125.00,56.00,0.84,525.00,Cardio,29.80,2.00,3.00,1.00,30.26
36,Female,59.10,1.78,184.00,121.00,60.00,0.85,514.00,Cardio,34.50,2.20,2.00,1.00,18.65
20,Male,128.40,1.92,167.00,145.00,57.00,0.63,502.00,Cardio,26.10,2.00,2.00,1.00,34.83
38,Female,40.60,1.79,195.00,161.00,55.00,0.62,499.00,Cardio,26.80,2.70,2.00,1.00,12.67
37,Male,103.50,1.89,175.00,168.00,57.00,0.54,499.00,Cardio,26.40,3.10,2.00,1.00,28.97
50,Male,90.00,1.70,168.00,124.00,74.00,0.81,497.00,Cardio,22.90,2.70,2.00,1.00,31.14
27,Male,75.70,1.76,167.00,132.00,66.00,0.68,494.00,Cardio,25.30,2.30,3.00,1.00,24.44
34,Male,68.00,1.68,169.00,128.00,57.00,0.67,472.00,Cardio,25.80,3.40,2.00,1.00,24.09
19,Male,56.90,1.87,178.00,138.00,70.00,0.61,463.00,Cardio,23.30,3.70,3.00,1.00,16.27
46,Female,52.00,1.65,165.00,147.00,63.00,0.70,463.00,Cardio,34.10,1.90,2.00,1.00,19.10
31,Female,63.20,1.80,166.00,157.00,66.00,0.59,463.00,Cardio,25.50,2.60,2.00,1.00,19.51
54,Female,67.50,1.54,182.00,140.00,50.00,0.72,454.00,Cardio,25.20,1.50,3.00,1.00,28.46
59,Male,78.00,1.92,180.00,127.00,53.00,0.72,453.00,Cardio,28.10,2.70,3.00,1.00,21.16
32,Male,105.30,1.67,184.00,143.00,72.00,0.57,448.00,Cardio,26.90,2.90,3.00,1.00,37.76
37,Female,69.50,1.50,196.00,130.00,66.00,0.69,448.00,Cardio,32.80,2.40,2.00,1.00,30.89
31,Male,75.50,1.93,168.00,135.00,68.00,0.60,446.00,Cardio,20.50,3.40,2.00,1.00,20.27
39,Male,71.70,1.88,198.00,147.00,51.00,0.55,445.00,Cardio,23.70,2.20,2.00,1.00,20.29
53,Male,105.10,1.84,176.00,130.00,62.00,0.69,444.00,Cardio,23.30,2.90,3.00,1.00,31.04
59,Female,54.60,1.57,164.00,169.00,64.00,0.58,441.00,Cardio,29.20,2.30,3.00,1.00,22.15
18,Male,63.20,1.63,162.00,120.00,73.00,0.66,436.00,Cardio,27.50,2.20,3.00,1.00,23.79
45,Female,50.40,1.79,182.00,130.00,59.00,0.74,433.00,Cardio,27.70,2.50,2.00,1.00,15.73
51,Female,74.60,1.55,177.00,132.00,50.00,0.71,422.00,Cardio,33.30,2.10,2.00,1.00,31.05
48,Female,67.10,1.61,160.00,151.00,74.00,0.62,421.00,Cardio,33.40,1.50,2.00,1.00,25.89
32,Female,59.00,1.66,184.00,160.00,64.00,0.51,408.00,Cardio,31.00,1.80,2.00,1.00,21.41
32,Male,65.20,1.62,186.00,128.00,63.00,0.58,408.00,Cardio,25.30,3.40,2.00,1.00,24.84
57,Female,75.70,1.63,161.00,131.00,60.00,0.69,407.00,Cardio,32.60,2.30,3.00,1.00,28.49
45,Female,65.50,1.57,192.00,133.00,59.00,0.66,395.00,Cardio,34.30,2.30,2.00,1.00,26.57
52,Male,116.50,1.69,198.00,148.00,51.00,0.53,388.00,Cardio,27.30,2.40,2.00,1.00,40.79
22,Male,98.40,1.88,194.00,135.00,71.00,0.52,386.00,Cardio,21.30,2.20,2.00,1.00,27.84
58,Female,66.10,1.75,169.00,128.00,57.00,0.63,363.00,Cardio,25.20,1.80,2.00,1.00,21.58
50,Female,67.10,1.75,161.00,120.00,59.00,0.67,362.00,Cardio,31.80,2.70,3.00,1.00,21.91
37,Female,73.50,1.69,174.00,131.00,66.00,0.54,354.00,Cardio,27.50,1.60,2.00,1.00,25.73
53,Male,61.00,1.63,170.00,124.00,74.00,0.54,331.00,Cardio,20.00,3.40,3.00,1.00,22.96
23,Female,64.50,1.70,187.00,125.00,72.00,0.51,319.00,Cardio,30.40,1.70,2.00,1.00,22.32
47,Female,43.40,1.62,179.00,132.00,64.00,0.51,303.00,Cardio,25.30,2.30,3.00,1.00,16.54
19,Male,82.40,1.96,174.00,169.00,62.00,1.90,"1,766.00",HIIT,10.10,3.50,5.00,3.00,21.45
25,Male,81.50,1.61,170.00,159.00,63.00,1.93,"1,688.00",HIIT,10.90,3.50,4.00,3.00,31.44
36,Male,88.00,1.71,185.00,160.00,73.00,1.87,"1,646.00",HIIT,12.00,3.50,5.00,3.00,30.09
27,Male,89.30,1.64,192.00,162.00,64.00,1.82,"1,622.00",HIIT,12.10,3.50,4.00,3.00,33.20
32,Male,85.90,1.60,176.00,145.00,60.00,1.99,"1,587.00",HIIT,14.50,3.50,5.00,3.00,33.55
37,Male,87.80,1.69,183.00,158.00,69.00,1.81,"1,573.00",HIIT,10.30,3.50,5.00,3.00,30.74
18,Male,83.20,1.96,183.00,150.00,67.00,1.83,"1,510.00",HIIT,13.60,3.50,4.00,3.00,21.66
24,Male,88.20,1.79,177.00,154.00,65.00,1.76,"1,491.00",HIIT,11.30,3.50,4.00,3.00,27.53
21,Female,61.30,1.57,191.00,152.00,64.00,1.94,"1,474.00",HIIT,17.20,2.70,4.00,3.00,24.87
49,Male,85.00,1.68,197.00,163.00,74.00,1.82,"1,468.00",HIIT,11.30,3.50,4.00,3.00,30.12
46,Male,84.30,2.00,189.00,162.00,66.00,1.83,"1,467.00",HIIT,13.30,3.50,5.00,3.00,21.07
18,Male,82.30,1.84,190.00,148.00,66.00,1.73,"1,408.00",HIIT,13.30,3.50,5.00,3.00,24.31
48,Male,83.90,1.82,176.00,149.00,70.00,1.90,"1,401.00",HIIT,13.10,3.50,5.00,3.00,25.33
32,Female,56.60,1.57,170.00,167.00,72.00,1.65,"1,378.00",HIIT,15.70,2.70,4.00,3.00,22.96
52,Female,64.90,1.51,164.00,165.00,68.00,1.83,"1,359.00",HIIT,18.20,2.70,4.00,3.00,28.46
20,Male,82.70,1.99,179.00,146.00,59.00,1.69,"1,357.00",HIIT,14.60,3.50,5.00,3.00,20.88
41,Male,82.80,1.66,177.00,139.00,74.00,1.97,"1,355.00",HIIT,11.20,3.50,5.00,3.00,30.05
32,Female,62.60,1.63,190.00,161.00,58.00,1.67,"1,344.00",HIIT,15.00,2.70,5.00,3.00,23.56
23,Male,87.30,1.91,164.00,129.00,58.00,1.87,"1,327.00",HIIT,11.80,3.50,5.00,3.00,23.93
31,Female,62.50,1.62,168.00,169.00,74.00,1.56,"1,318.00",HIIT,16.50,2.70,4.00,3.00,23.81
18,Male,87.60,1.93,161.00,139.00,72.00,1.72,"1,315.00",HIIT,11.90,3.50,4.00,3.00,23.52
37,Male,124.20,1.76,168.00,158.00,50.00,1.50,"1,304.00",HIIT,29.30,2.80,2.00,1.00,40.10
57,Male,83.40,1.65,172.00,166.00,67.00,1.57,"1,290.00",HIIT,13.30,3.50,4.00,3.00,30.63
41,Female,63.40,1.59,162.00,153.00,55.00,1.84,"1,267.00",HIIT,15.20,2.70,5.00,3.00,25.08
45,Male,88.50,1.78,198.00,167.00,67.00,1.53,"1,265.00",HIIT,13.20,3.50,4.00,3.00,27.93
32,Female,61.70,1.58,183.00,135.00,54.00,1.87,"1,262.00",HIIT,16.60,2.70,5.00,3.00,24.72
43,Female,61.50,1.58,165.00,149.00,50.00,1.86,"1,247.00",HIIT,16.80,2.70,5.00,3.00,24.64
38,Male,81.40,1.71,187.00,148.00,58.00,1.52,"1,237.00",HIIT,10.20,3.50,5.00,3.00,27.84
48,Male,69.00,1.74,160.00,167.00,58.00,1.48,"1,223.00",HIIT,30.00,2.30,3.00,2.00,22.79
54,Female,56.50,1.75,196.00,154.00,66.00,1.76,"1,220.00",HIIT,15.30,2.70,5.00,3.00,18.45
36,Male,84.00,1.94,168.00,123.00,50.00,1.80,"1,218.00",HIIT,11.20,3.50,5.00,3.00,22.32
21,Male,125.20,1.66,196.00,159.00,60.00,1.38,"1,207.00",HIIT,29.80,3.40,3.00,2.00,45.43
47,Male,66.20,1.71,181.00,169.00,71.00,1.42,"1,188.00",HIIT,22.80,2.90,3.00,1.00,22.64
41,Male,81.60,1.87,167.00,128.00,59.00,1.87,"1,185.00",HIIT,10.20,3.50,5.00,3.00,23.33
47,Male,84.80,1.86,187.00,129.00,63.00,1.85,"1,181.00",HIIT,14.40,3.50,5.00,3.00,24.51
40,Male,106.50,1.65,162.00,162.00,74.00,1.32,"1,176.00",HIIT,21.00,3.60,4.00,2.00,39.12
29,Male,86.10,1.65,183.00,128.00,71.00,1.66,"1,169.00",HIIT,11.20,3.50,4.00,3.00,31.63
22,Female,55.10,1.61,166.00,144.00,68.00,1.62,"1,166.00",HIIT,19.90,2.70,4.00,3.00,21.26
47,Male,88.40,1.60,186.00,126.00,60.00,1.86,"1,160.00",HIIT,14.20,3.50,5.00,3.00,34.53
44,Male,82.50,1.79,167.00,155.00,70.00,1.51,"1,159.00",HIIT,13.80,3.50,5.00,3.00,25.75
23,Female,78.60,1.73,192.00,156.00,56.00,1.47,"1,147.00",HIIT,32.30,1.50,4.00,2.00,26.26
30,Male,91.40,1.99,171.00,152.00,60.00,1.37,"1,145.00",HIIT,23.00,3.70,3.00,2.00,23.08
22,Female,48.70,1.76,165.00,167.00,66.00,1.37,"1,144.00",HIIT,29.00,2.20,4.00,2.00,15.72
21,Male,88.40,1.60,198.00,121.00,67.00,1.71,"1,138.00",HIIT,12.00,3.50,4.00,3.00,34.53
52,Female,57.90,1.56,166.00,152.00,68.00,1.66,"1,135.00",HIIT,15.80,2.70,4.00,3.00,23.79
42,Male,70.20,1.87,188.00,165.00,65.00,1.38,"1,127.00",HIIT,22.70,3.40,3.00,2.00,20.07
56,Female,58.00,1.68,168.00,156.00,74.00,1.59,"1,116.00",HIIT,15.50,2.70,5.00,3.00,20.55
42,Male,86.30,1.77,172.00,127.00,55.00,1.77,"1,113.00",HIIT,11.40,3.50,4.00,3.00,27.55
58,Male,82.20,1.87,171.00,143.00,55.00,1.57,"1,111.00",HIIT,10.70,3.50,4.00,3.00,23.51
19,Female,64.00,1.53,166.00,167.00,58.00,1.33,"1,111.00",HIIT,29.80,2.30,3.00,2.00,27.34
45,Female,41.20,1.58,195.00,168.00,71.00,1.47,"1,111.00",HIIT,28.70,2.60,2.00,1.00,16.50
53,Female,64.40,1.55,194.00,139.00,62.00,1.77,"1,107.00",HIIT,19.70,2.70,4.00,3.00,26.81
23,Female,60.10,1.59,191.00,123.00,52.00,1.80,"1,107.00",HIIT,17.60,2.70,4.00,3.00,23.77
45,Male,84.90,1.86,186.00,136.00,66.00,1.64,"1,104.00",HIIT,14.20,3.50,5.00,3.00,24.54
53,Female,56.90,1.59,199.00,164.00,65.00,1.49,"1,100.00",HIIT,29.50,2.00,3.00,2.00,22.51
58,Female,63.00,1.78,176.00,154.00,73.00,1.58,"1,095.00",HIIT,17.50,2.70,4.00,3.00,19.88
31,Female,60.50,1.77,187.00,127.00,56.00,1.72,"1,092.00",HIIT,15.00,2.70,4.00,3.00,19.31
54,Male,83.60,1.86,168.00,142.00,56.00,1.54,"1,082.00",HIIT,12.40,3.50,5.00,3.00,24.16
38,Female,57.70,1.56,185.00,132.00,54.00,1.64,"1,082.00",HIIT,16.60,2.70,5.00,3.00,23.71
33,Male,102.60,1.75,186.00,140.00,53.00,1.40,"1,078.00",HIIT,27.90,2.20,3.00,2.00,33.50
23,Female,67.80,1.61,186.00,160.00,66.00,1.34,"1,072.00",HIIT,34.30,1.80,2.00,1.00,26.16
24,Female,52.60,1.57,169.00,166.00,60.00,1.29,"1,071.00",HIIT,31.90,2.40,2.00,1.00,21.34
47,Female,61.00,1.76,162.00,153.00,54.00,1.54,"1,060.00",HIIT,15.60,2.70,5.00,3.00,19.69
34,Male,124.60,1.63,161.00,136.00,66.00,1.41,"1,055.00",HIIT,27.60,2.80,3.00,2.00,46.90
44,Female,77.70,1.79,198.00,165.00,53.00,1.41,"1,047.00",HIIT,28.10,2.20,3.00,1.00,24.25
43,Female,66.30,1.77,177.00,157.00,57.00,1.48,"1,046.00",HIIT,32.70,1.70,4.00,2.00,21.16
54,Female,50.20,1.61,188.00,157.00,67.00,1.48,"1,046.00",HIIT,28.20,2.70,2.00,1.00,19.37
46,Male,72.60,1.87,188.00,161.00,64.00,1.31,"1,044.00",HIIT,22.60,3.40,4.00,2.00,20.76
59,Male,123.30,1.88,177.00,161.00,67.00,1.30,"1,036.00",HIIT,23.00,2.60,4.00,2.00,34.89
55,Female,75.20,1.67,188.00,167.00,51.00,1.37,"1,030.00",HIIT,25.20,2.20,2.00,1.00,26.96
32,Male,97.30,1.96,189.00,137.00,50.00,1.36,"1,025.00",HIIT,24.90,3.40,3.00,2.00,25.33
28,Male,66.00,1.90,175.00,158.00,56.00,1.18,"1,025.00",HIIT,24.10,3.00,3.00,1.00,18.28
21,Male,74.20,1.93,187.00,141.00,56.00,1.32,"1,024.00",HIIT,28.30,2.50,3.00,2.00,19.92
40,Male,63.80,1.62,185.00,143.00,72.00,1.30,"1,022.00",HIIT,20.80,3.40,2.00,1.00,24.31
36,Male,110.20,1.77,191.00,156.00,74.00,1.19,"1,021.00",HIIT,26.50,3.40,2.00,1.00,35.18
20,Female,72.60,1.73,199.00,160.00,68.00,1.27,"1,016.00",HIIT,34.80,2.50,3.00,2.00,24.26
43,Male,94.00,1.79,187.00,156.00,62.00,1.31,"1,012.00",HIIT,23.20,3.40,2.00,1.00,29.34
49,Male,83.70,1.87,183.00,158.00,53.00,1.29,"1,009.00",HIIT,23.90,2.30,4.00,2.00,23.94
33,Female,78.50,1.66,161.00,156.00,69.00,1.29,"1,006.00",HIIT,32.80,1.90,4.00,2.00,28.49
31,Male,78.80,1.71,177.00,121.00,59.00,1.49,992.00,HIIT,24.70,2.50,4.00,2.00,26.95
18,Male,64.50,1.82,187.00,149.00,52.00,1.20,983.00,HIIT,23.40,2.40,3.00,2.00,19.47
24,Female,67.70,1.56,177.00,138.00,66.00,1.42,980.00,HIIT,27.00,2.10,3.00,2.00,27.82
47,Female,49.90,1.69,178.00,147.00,64.00,1.48,979.00,HIIT,26.00,1.70,3.00,2.00,17.47
39,Female,55.40,1.60,192.00,136.00,72.00,1.44,979.00,HIIT,26.30,1.60,3.00,2.00,21.64
45,Male,58.40,1.72,194.00,150.00,65.00,1.31,973.00,HIIT,23.40,3.10,4.00,2.00,19.74
36,Male,95.80,1.86,193.00,129.00,65.00,1.37,972.00,HIIT,21.20,3.20,3.00,1.00,27.69
21,Male,86.60,1.86,163.00,129.00,58.00,1.37,972.00,HIIT,21.80,2.60,3.00,2.00,25.03
28,Female,79.60,1.59,181.00,130.00,54.00,1.49,968.00,HIIT,28.20,1.50,3.00,2.00,31.49
44,Female,60.40,1.65,176.00,169.00,54.00,1.27,966.00,HIIT,32.60,2.10,4.00,2.00,22.19
43,Female,40.50,1.74,187.00,143.00,51.00,1.50,965.00,HIIT,32.90,2.20,3.00,2.00,13.38
32,Male,108.20,1.80,172.00,138.00,53.00,1.27,964.00,HIIT,28.40,3.50,3.00,1.00,33.40
58,Male,58.60,1.66,172.00,161.00,60.00,1.21,964.00,HIIT,26.80,2.90,2.00,1.00,21.27
38,Female,61.40,1.54,183.00,131.00,69.00,1.47,963.00,HIIT,30.60,2.70,3.00,2.00,25.89
37,Male,76.30,1.77,180.00,128.00,57.00,1.36,957.00,HIIT,27.30,2.10,4.00,2.00,24.35
30,Male,113.40,1.91,177.00,137.00,54.00,1.27,957.00,HIIT,22.20,3.70,3.00,1.00,31.08
27,Male,102.60,1.83,199.00,123.00,58.00,1.41,954.00,HIIT,26.50,3.50,3.00,2.00,30.64
19,Female,58.80,1.77,181.00,136.00,53.00,1.40,952.00,HIIT,32.80,2.70,2.00,1.00,18.77
28,Male,86.90,1.78,164.00,134.00,68.00,1.29,951.00,HIIT,24.90,3.70,4.00,2.00,27.43
52,Male,105.20,1.62,189.00,141.00,61.00,1.36,949.00,HIIT,27.60,3.20,3.00,1.00,40.09
20,Female,75.80,1.78,197.00,133.00,53.00,1.42,944.00,HIIT,27.40,2.00,4.00,2.00,23.92
50,Female,58.40,1.79,164.00,131.00,56.00,1.60,943.00,HIIT,17.00,2.70,4.00,3.00,18.23
41,Female,71.20,1.64,165.00,147.00,54.00,1.42,939.00,HIIT,30.90,2.30,3.00,2.00,26.47
29,Male,121.10,1.87,188.00,130.00,52.00,1.31,937.00,HIIT,24.10,3.20,4.00,2.00,34.63
58,Male,52.00,1.79,173.00,169.00,52.00,1.12,937.00,HIIT,29.60,3.00,3.00,1.00,16.23
49,Female,62.10,1.66,173.00,152.00,73.00,1.37,937.00,HIIT,31.30,1.80,3.00,2.00,22.54
44,Male,89.30,1.99,192.00,135.00,58.00,1.40,936.00,HIIT,26.30,2.00,4.00,2.00,22.55
25,Female,64.40,1.71,179.00,167.00,61.00,1.12,935.00,HIIT,27.10,1.80,3.00,1.00,22.02
39,Female,64.30,1.69,190.00,148.00,58.00,1.25,925.00,HIIT,26.90,1.90,4.00,2.00,22.51
51,Male,59.00,1.65,198.00,153.00,53.00,1.22,924.00,HIIT,20.70,2.30,3.00,2.00,21.67
50,Female,56.40,1.59,185.00,163.00,74.00,1.26,924.00,HIIT,34.30,2.60,3.00,1.00,22.31
40,Female,57.70,1.69,184.00,156.00,53.00,1.18,920.00,HIIT,33.10,2.40,4.00,2.00,20.20
22,Male,110.50,1.92,172.00,144.00,55.00,1.16,919.00,HIIT,20.20,3.30,3.00,2.00,29.98
34,Female,69.20,1.53,167.00,134.00,59.00,1.36,911.00,HIIT,28.50,2.10,2.00,1.00,29.56
38,Female,49.70,1.51,179.00,145.00,65.00,1.25,906.00,HIIT,32.60,2.50,3.00,1.00,21.80
57,Female,68.50,1.56,168.00,138.00,68.00,1.45,900.00,HIIT,29.10,1.60,4.00,2.00,28.15
41,Male,67.00,1.77,161.00,149.00,50.00,1.22,900.00,HIIT,25.60,2.60,3.00,2.00,21.39
53,Female,52.40,1.57,171.00,149.00,71.00,1.34,898.00,HIIT,28.30,2.20,3.00,2.00,21.26
53,Male,68.50,1.97,194.00,139.00,69.00,1.30,894.00,HIIT,23.20,2.10,3.00,2.00,17.65
20,Female,71.30,1.58,167.00,167.00,54.00,1.07,893.00,HIIT,25.40,1.50,3.00,2.00,28.56
23,Male,107.00,1.94,198.00,120.00,73.00,1.35,891.00,HIIT,23.50,2.90,2.00,1.00,28.43
42,Male,76.40,1.97,165.00,157.00,65.00,1.14,886.00,HIIT,22.90,2.60,3.00,2.00,19.69
46,Female,74.90,1.53,179.00,151.00,66.00,1.30,883.00,HIIT,33.90,2.10,4.00,2.00,32.00
32,Male,126.40,1.83,198.00,146.00,62.00,1.10,883.00,HIIT,28.20,2.10,3.00,2.00,37.74
49,Female,49.20,1.54,179.00,153.00,63.00,1.28,881.00,HIIT,30.70,2.10,3.00,2.00,20.75
23,Male,107.20,1.93,167.00,139.00,55.00,1.15,879.00,HIIT,20.20,3.10,4.00,2.00,28.78
28,Male,108.50,1.79,183.00,120.00,68.00,1.33,878.00,HIIT,24.80,2.10,4.00,2.00,33.86
22,Female,40.30,1.56,192.00,121.00,57.00,1.45,877.00,HIIT,30.80,2.10,4.00,2.00,16.56
42,Male,63.30,1.77,183.00,134.00,59.00,1.32,876.00,HIIT,25.70,3.30,3.00,2.00,20.20
33,Female,78.00,1.68,183.00,135.00,55.00,1.29,871.00,HIIT,32.30,1.80,3.00,2.00,27.64
34,Male,112.40,1.85,162.00,134.00,66.00,1.18,870.00,HIIT,23.40,3.60,4.00,2.00,32.84
53,Male,51.70,1.70,175.00,152.00,72.00,1.15,865.00,HIIT,23.60,3.50,3.00,2.00,17.89
19,Female,46.80,1.63,184.00,128.00,63.00,1.35,864.00,HIIT,34.40,1.60,4.00,2.00,17.61
49,Male,115.30,1.91,161.00,125.00,61.00,1.38,854.00,HIIT,29.20,3.20,2.00,1.00,31.61
22,Female,72.10,1.62,183.00,123.00,59.00,1.38,849.00,HIIT,25.10,2.10,3.00,1.00,27.47
58,Male,109.70,1.75,181.00,168.00,54.00,1.01,840.00,HIIT,22.10,2.70,2.00,1.00,35.82
50,Female,51.80,1.50,182.00,141.00,58.00,1.32,838.00,HIIT,33.00,2.20,3.00,1.00,23.02
25,Female,43.10,1.62,196.00,161.00,65.00,1.04,837.00,HIIT,33.60,1.80,4.00,2.00,16.42
24,Female,40.40,1.64,168.00,168.00,55.00,0.99,832.00,HIIT,31.00,1.90,2.00,1.00,15.02
53,Female,68.10,1.55,164.00,131.00,65.00,1.41,831.00,HIIT,26.10,2.20,4.00,2.00,28.35
30,Female,62.70,1.67,164.00,162.00,70.00,1.02,826.00,HIIT,26.10,2.60,4.00,2.00,22.48
52,Female,70.60,1.69,165.00,135.00,65.00,1.36,826.00,HIIT,26.10,2.20,3.00,1.00,24.72
20,Male,92.30,1.94,176.00,131.00,71.00,1.14,821.00,HIIT,24.30,2.10,3.00,2.00,24.52
35,Male,63.70,1.74,198.00,143.00,71.00,1.03,810.00,HIIT,29.80,2.70,4.00,2.00,21.04
43,Male,95.70,1.77,198.00,151.00,50.00,1.08,807.00,HIIT,24.20,3.40,3.00,1.00,30.55
53,Female,73.50,1.55,194.00,153.00,72.00,1.17,806.00,HIIT,26.30,2.10,4.00,2.00,30.59
33,Female,53.70,1.66,191.00,129.00,72.00,1.25,806.00,HIIT,29.50,2.50,3.00,1.00,19.49
54,Male,114.90,1.92,188.00,135.00,71.00,1.20,802.00,HIIT,20.70,2.60,4.00,2.00,31.17
52,Male,66.50,1.60,185.00,120.00,70.00,1.34,796.00,HIIT,26.80,2.10,4.00,2.00,25.98
33,Female,65.30,1.71,172.00,135.00,74.00,1.18,796.00,HIIT,29.70,2.50,4.00,2.00,22.33
22,Male,45.70,1.77,164.00,139.00,73.00,1.04,795.00,HIIT,20.70,2.40,3.00,1.00,14.59
41,Male,94.50,2.00,179.00,136.00,69.00,1.18,794.00,HIIT,27.60,3.70,3.00,1.00,23.62
27,Male,76.70,1.70,196.00,150.00,56.00,0.96,792.00,HIIT,29.10,2.10,3.00,1.00,26.54
30,Male,62.90,1.92,170.00,127.00,70.00,1.13,789.00,HIIT,25.20,3.60,2.00,1.00,17.06
51,Male,102.60,1.77,193.00,130.00,59.00,1.21,779.00,HIIT,21.00,3.40,2.00,1.00,32.75
48,Female,56.80,1.51,185.00,126.00,52.00,1.37,777.00,HIIT,32.10,2.10,4.00,2.00,24.91
52,Female,44.10,1.62,179.00,121.00,61.00,1.41,768.00,HIIT,34.80,1.60,3.00,1.00,16.80
39,Female,60.60,1.65,162.00,167.00,63.00,0.92,768.00,HIIT,27.60,1.70,3.00,1.00,22.26
58,Female,44.20,1.57,183.00,155.00,59.00,1.08,753.00,HIIT,31.90,2.30,3.00,1.00,17.93
52,Female,70.60,1.58,181.00,164.00,67.00,1.02,753.00,HIIT,34.90,2.00,3.00,2.00,28.28
25,Male,123.80,1.99,180.00,121.00,72.00,1.13,752.00,HIIT,25.60,2.60,3.00,1.00,31.26
39,Female,50.30,1.61,167.00,128.00,50.00,1.17,749.00,HIIT,32.80,2.50,2.00,1.00,19.41
44,Male,94.60,1.84,170.00,120.00,67.00,1.26,748.00,HIIT,26.00,3.10,4.00,2.00,27.94
33,Male,117.00,1.61,166.00,130.00,55.00,1.04,744.00,HIIT,25.10,2.40,3.00,2.00,45.14
50,Female,66.30,1.57,192.00,132.00,73.00,1.25,742.00,HIIT,31.60,1.60,2.00,1.00,26.90
49,Male,57.80,1.99,183.00,161.00,67.00,0.93,741.00,HIIT,24.70,3.10,3.00,1.00,14.60
58,Male,74.60,1.75,193.00,137.00,58.00,1.09,739.00,HIIT,24.20,2.90,2.00,1.00,24.36
54,Male,117.20,1.62,172.00,143.00,56.00,1.04,736.00,HIIT,23.10,2.30,4.00,2.00,44.66
50,Female,69.30,1.68,182.00,135.00,51.00,1.20,729.00,HIIT,30.30,2.00,2.00,1.00,24.55
38,Female,45.20,1.68,193.00,144.00,58.00,1.01,727.00,HIIT,29.90,2.40,3.00,2.00,16.01
54,Female,66.90,1.74,195.00,129.00,62.00,1.24,720.00,HIIT,29.50,2.10,2.00,1.00,22.10
57,Female,51.90,1.57,169.00,151.00,67.00,1.05,713.00,HIIT,29.10,2.60,3.00,2.00,21.06
34,Male,102.10,1.71,185.00,135.00,72.00,0.96,713.00,HIIT,27.30,3.20,2.00,1.00,34.92
53,Female,47.80,1.76,164.00,149.00,74.00,1.06,711.00,HIIT,28.40,1.50,4.00,2.00,15.43
44,Female,69.50,1.75,192.00,155.00,69.00,1.02,711.00,HIIT,27.60,2.10,3.00,1.00,22.69
21,Female,51.00,1.71,174.00,132.00,73.00,1.07,706.00,HIIT,34.20,2.20,3.00,2.00,17.44
56,Male,84.60,1.63,184.00,141.00,52.00,1.01,705.00,HIIT,20.20,2.90,4.00,2.00,31.84
53,Female,78.30,1.65,164.00,126.00,50.00,1.24,703.00,HIIT,33.70,1.60,3.00,1.00,28.76
49,Female,44.10,1.65,189.00,133.00,74.00,1.16,694.00,HIIT,26.70,1.80,4.00,2.00,16.20
22,Male,71.00,1.62,199.00,138.00,68.00,0.91,691.00,HIIT,21.20,3.50,2.00,1.00,27.05
42,Female,49.20,1.50,173.00,131.00,63.00,1.15,678.00,HIIT,27.70,1.50,3.00,2.00,21.87
51,Female,54.70,1.53,167.00,135.00,69.00,1.11,674.00,HIIT,26.80,2.00,4.00,2.00,23.37
58,Male,90.20,1.72,199.00,150.00,55.00,0.90,668.00,HIIT,28.30,2.10,2.00,1.00,30.49
37,Female,71.20,1.64,162.00,120.00,73.00,1.11,666.00,HIIT,29.90,1.70,3.00,2.00,26.47
53,Female,68.00,1.70,181.00,139.00,57.00,1.06,663.00,HIIT,25.10,2.40,4.00,2.00,23.53
20,Female,46.50,1.68,187.00,145.00,72.00,0.91,660.00,HIIT,27.90,2.40,2.00,1.00,16.48
20,Female,44.20,1.61,177.00,122.00,69.00,1.08,659.00,HIIT,32.40,2.50,2.00,1.00,17.05
36,Male,109.80,1.62,193.00,141.00,68.00,0.84,651.00,HIIT,24.40,3.50,3.00,1.00,41.84
49,Female,42.00,1.52,171.00,130.00,70.00,1.10,644.00,HIIT,28.80,2.20,3.00,1.00,18.18
29,Male,68.00,1.70,190.00,150.00,60.00,0.76,627.00,HIIT,28.90,2.90,2.00,1.00,23.53
51,Female,63.90,1.80,191.00,130.00,72.00,1.07,626.00,HIIT,33.70,2.70,4.00,2.00,19.72
49,Female,69.30,1.62,191.00,122.00,62.00,1.14,626.00,HIIT,28.80,1.90,4.00,2.00,26.41
27,Male,71.20,1.97,181.00,151.00,73.00,0.74,615.00,HIIT,25.90,3.60,3.00,1.00,18.35
40,Male,52.10,1.61,198.00,128.00,70.00,0.87,612.00,HIIT,21.30,3.30,2.00,1.00,20.10
58,Female,65.20,1.63,167.00,121.00,53.00,1.12,610.00,HIIT,25.40,2.00,3.00,2.00,24.54
53,Male,94.10,1.95,177.00,138.00,50.00,0.89,608.00,HIIT,28.60,3.50,3.00,1.00,24.75
20,Male,128.20,1.84,164.00,132.00,58.00,0.83,603.00,HIIT,26.20,2.30,3.00,1.00,37.87
41,Male,120.80,1.67,188.00,146.00,54.00,0.82,593.00,HIIT,20.50,3.00,2.00,1.00,43.31
39,Male,105.50,1.99,199.00,133.00,71.00,0.81,593.00,HIIT,26.40,2.50,2.00,1.00,26.64
57,Female,61.90,1.52,168.00,143.00,51.00,0.92,592.00,HIIT,28.40,2.60,3.00,1.00,26.79
50,Female,73.60,1.55,183.00,145.00,74.00,0.89,581.00,HIIT,33.90,2.10,3.00,1.00,30.63
41,Female,64.90,1.57,166.00,123.00,53.00,1.04,576.00,HIIT,25.90,2.40,4.00,2.00,26.33
35,Male,101.40,1.76,193.00,121.00,64.00,0.84,559.00,HIIT,23.60,2.90,2.00,1.00,32.74
47,Male,98.20,1.90,199.00,148.00,64.00,0.76,557.00,HIIT,22.90,3.00,3.00,1.00,27.20
52,Male,50.30,1.78,170.00,132.00,67.00,0.85,555.00,HIIT,24.50,2.30,2.00,1.00,15.88
26,Male,51.90,2.00,173.00,133.00,54.00,0.75,549.00,HIIT,26.60,2.30,2.00,1.00,12.97
48,Female,68.20,1.69,170.00,159.00,73.00,0.75,537.00,HIIT,28.40,2.50,3.00,1.00,23.88
47,Male,80.00,1.77,171.00,149.00,68.00,0.72,531.00,HIIT,28.20,3.50,3.00,1.00,25.54
56,Male,48.30,1.87,165.00,156.00,51.00,0.68,525.00,HIIT,29.80,3.30,3.00,1.00,13.81
26,Female,70.90,1.66,184.00,125.00,68.00,0.81,506.00,HIIT,28.90,1.70,3.00,1.00,25.73
19,Female,73.00,1.79,177.00,125.00,61.00,0.81,506.00,HIIT,27.70,1.60,3.00,1.00,22.78
44,Male,65.20,1.80,192.00,139.00,68.00,0.73,502.00,HIIT,27.20,2.70,2.00,1.00,20.12
51,Female,66.20,1.58,164.00,129.00,65.00,0.86,499.00,HIIT,31.30,2.30,3.00,1.00,26.52
54,Female,70.10,1.52,180.00,139.00,65.00,0.76,475.00,HIIT,26.60,2.10,2.00,1.00,30.34
45,Female,65.40,1.68,196.00,129.00,66.00,0.76,441.00,HIIT,35.00,2.60,3.00,1.00,23.17
35,Female,44.60,1.62,196.00,157.00,65.00,0.56,440.00,HIIT,32.40,2.00,2.00,1.00,16.99
34,Female,75.60,1.60,193.00,130.00,51.00,0.64,416.00,HIIT,29.10,2.70,2.00,1.00,29.53
56,Male,118.00,1.90,199.00,126.00,68.00,0.66,412.00,HIIT,22.60,3.20,2.00,1.00,32.69
24,Female,58.90,1.76,189.00,130.00,73.00,0.63,410.00,HIIT,30.10,1.70,3.00,1.00,19.01
21,Female,54.90,1.78,173.00,138.00,71.00,0.55,380.00,HIIT,31.70,2.00,2.00,1.00,17.33
23,Female,41.90,1.58,163.00,132.00,67.00,0.56,370.00,HIIT,26.80,1.80,3.00,1.00,16.78
50,Male,101.70,1.67,192.00,127.00,57.00,0.53,333.00,HIIT,20.90,2.90,2.00,1.00,36.47
32,Male,89.80,1.92,199.00,168.00,67.00,1.93,"1,783.00",Strength,10.60,3.50,4.00,3.00,24.36
39,Male,86.20,1.82,191.00,160.00,72.00,1.96,"1,725.00",Strength,10.20,3.50,5.00,3.00,26.02
26,Male,86.20,1.68,189.00,157.00,72.00,1.97,"1,701.00",Strength,13.30,3.50,5.00,3.00,30.54
22,Male,88.50,1.62,174.00,162.00,69.00,1.88,"1,675.00",Strength,10.70,3.50,5.00,3.00,33.72
47,Male,87.20,1.64,177.00,165.00,50.00,2.00,"1,634.00",Strength,15.00,3.50,4.00,3.00,32.42
27,Male,80.70,1.61,170.00,166.00,52.00,1.75,"1,598.00",Strength,14.30,3.50,4.00,3.00,31.13
47,Male,86.60,1.99,182.00,153.00,70.00,1.98,"1,500.00",Strength,10.60,3.50,4.00,3.00,21.87
40,Male,80.30,1.76,168.00,167.00,74.00,1.63,"1,497.00",Strength,13.10,3.50,5.00,3.00,25.92
49,Male,82.10,1.86,162.00,160.00,64.00,1.87,"1,481.00",Strength,14.20,3.50,4.00,3.00,23.73
58,Female,59.30,1.58,166.00,165.00,56.00,1.97,"1,463.00",Strength,19.80,2.70,4.00,3.00,23.75
40,Male,87.90,1.87,196.00,134.00,54.00,1.96,"1,445.00",Strength,10.70,3.50,5.00,3.00,25.14
19,Male,85.90,1.85,195.00,156.00,62.00,1.66,"1,424.00",Strength,12.90,3.50,4.00,3.00,25.10
31,Female,64.40,1.70,160.00,144.00,70.00,1.97,"1,418.00",Strength,17.30,2.70,5.00,3.00,22.28
54,Male,86.00,1.93,171.00,163.00,51.00,1.74,"1,404.00",Strength,12.90,3.50,5.00,3.00,23.09
48,Male,87.10,1.76,183.00,156.00,67.00,1.81,"1,398.00",Strength,11.60,3.50,5.00,3.00,28.12
24,Male,87.10,1.74,187.00,158.00,67.00,1.57,"1,364.00",Strength,10.00,3.50,4.00,3.00,28.77
27,Male,89.30,1.87,169.00,153.00,62.00,1.62,"1,363.00",Strength,12.70,3.50,5.00,3.00,25.54
22,Male,86.20,1.90,186.00,128.00,58.00,1.91,"1,345.00",Strength,11.70,3.50,5.00,3.00,23.88
40,Female,57.40,1.71,168.00,143.00,61.00,1.87,"1,337.00",Strength,18.30,2.70,5.00,3.00,19.63
35,Male,85.60,1.85,185.00,135.00,55.00,1.78,"1,322.00",Strength,14.50,3.50,5.00,3.00,25.01
29,Male,80.80,1.98,160.00,145.00,50.00,1.65,"1,316.00",Strength,14.60,3.50,5.00,3.00,20.61
30,Female,59.20,1.63,174.00,141.00,74.00,1.85,"1,304.00",Strength,17.80,2.70,4.00,3.00,22.28
27,Male,87.50,1.63,183.00,135.00,74.00,1.75,"1,299.00",Strength,12.90,3.50,5.00,3.00,32.93
26,Female,64.10,1.50,194.00,134.00,60.00,1.93,"1,293.00",Strength,15.10,2.70,5.00,3.00,28.49
32,Male,68.30,1.92,168.00,165.00,54.00,1.42,"1,289.00",Strength,29.90,3.50,2.00,1.00,18.53
25,Male,66.60,1.61,184.00,166.00,56.00,1.38,"1,260.00",Strength,25.00,3.00,2.00,1.00,25.69
40,Male,63.00,2.00,176.00,161.00,71.00,1.42,"1,257.00",Strength,26.80,2.90,4.00,2.00,15.75
28,Female,56.00,1.50,193.00,128.00,56.00,1.94,"1,242.00",Strength,16.70,2.70,5.00,3.00,24.89
36,Female,57.70,1.77,176.00,147.00,63.00,1.65,"1,213.00",Strength,19.40,2.70,4.00,3.00,18.42
21,Female,60.00,1.70,179.00,123.00,52.00,1.97,"1,212.00",Strength,19.10,2.70,5.00,3.00,20.76
39,Male,61.90,1.77,199.00,166.00,69.00,1.32,"1,205.00",Strength,25.30,2.30,3.00,1.00,19.76
22,Female,78.70,1.52,173.00,166.00,74.00,1.45,"1,204.00",Strength,31.50,2.30,3.00,2.00,34.06
18,Male,70.00,1.61,173.00,168.00,71.00,1.30,"1,201.00",Strength,23.90,2.50,2.00,1.00,27.01
33,Male,81.80,1.99,184.00,137.00,51.00,1.59,"1,198.00",Strength,10.50,3.50,4.00,3.00,20.66
35,Female,55.30,1.56,187.00,139.00,56.00,1.71,"1,188.00",Strength,19.80,2.70,5.00,3.00,22.72
39,Female,63.30,1.71,178.00,125.00,56.00,1.88,"1,175.00",Strength,18.50,2.70,4.00,3.00,21.65
19,Male,127.90,1.93,185.00,168.00,70.00,1.27,"1,173.00",Strength,21.80,3.00,4.00,2.00,34.34
46,Male,108.80,1.64,185.00,169.00,63.00,1.40,"1,171.00",Strength,20.50,3.40,3.00,1.00,40.45
33,Male,106.50,1.60,183.00,152.00,74.00,1.40,"1,170.00",Strength,27.30,3.30,4.00,2.00,41.60
18,Female,63.90,1.59,185.00,125.00,50.00,1.87,"1,169.00",Strength,16.40,2.70,4.00,3.00,25.28
26,Male,127.60,1.73,167.00,160.00,62.00,1.32,"1,162.00",Strength,27.30,2.90,3.00,1.00,42.63
33,Female,58.00,1.53,180.00,126.00,50.00,1.84,"1,159.00",Strength,18.30,2.70,5.00,3.00,24.78
35,Male,59.20,1.66,197.00,161.00,59.00,1.30,"1,151.00",Strength,21.30,3.20,3.00,1.00,21.48
52,Male,85.50,1.80,190.00,136.00,66.00,1.70,"1,144.00",Strength,10.10,3.50,5.00,3.00,26.39
39,Male,59.70,1.83,170.00,154.00,59.00,1.35,"1,143.00",Strength,29.10,2.30,4.00,2.00,17.83
53,Male,82.30,1.61,196.00,123.00,60.00,1.87,"1,139.00",Strength,11.60,3.50,5.00,3.00,31.75
29,Male,125.90,2.00,186.00,152.00,67.00,1.36,"1,137.00",Strength,24.70,3.10,4.00,2.00,31.48
51,Male,48.60,1.77,199.00,155.00,74.00,1.47,"1,128.00",Strength,26.90,3.50,2.00,1.00,15.51
59,Male,88.10,1.76,187.00,168.00,74.00,1.35,"1,123.00",Strength,26.90,3.00,3.00,2.00,28.44
39,Male,127.50,1.82,180.00,161.00,70.00,1.26,"1,116.00",Strength,29.80,3.00,3.00,2.00,38.49
48,Female,62.90,1.58,192.00,124.00,69.00,1.98,"1,105.00",Strength,20.00,2.70,4.00,3.00,25.20
41,Female,55.00,1.55,175.00,169.00,65.00,1.45,"1,103.00",Strength,31.40,2.00,4.00,2.00,22.89
21,Female,55.20,1.55,163.00,161.00,53.00,1.37,"1,103.00",Strength,31.70,1.70,4.00,2.00,22.98
26,Female,59.30,1.51,181.00,129.00,71.00,1.70,"1,096.00",Strength,15.10,2.70,5.00,3.00,26.01
30,Male,101.00,1.68,182.00,134.00,61.00,1.46,"1,076.00",Strength,28.20,2.90,4.00,2.00,35.79
19,Male,110.80,1.91,161.00,149.00,54.00,1.31,"1,074.00",Strength,23.30,2.90,2.00,1.00,30.37
21,Male,62.60,1.81,164.00,150.00,62.00,1.30,"1,072.00",Strength,27.60,3.50,4.00,2.00,19.11
31,Male,86.60,1.76,172.00,151.00,66.00,1.29,"1,071.00",Strength,28.90,3.30,3.00,2.00,27.96
35,Male,96.90,1.71,188.00,145.00,72.00,1.34,"1,069.00",Strength,24.20,2.90,3.00,2.00,33.14
44,Female,42.80,1.78,167.00,159.00,64.00,1.49,"1,066.00",Strength,25.30,2.60,3.00,2.00,13.51
46,Female,58.90,1.70,180.00,155.00,53.00,1.52,"1,060.00",Strength,17.10,2.70,4.00,3.00,20.38
42,Male,45.50,1.60,166.00,163.00,64.00,1.31,"1,057.00",Strength,21.70,2.60,3.00,2.00,17.77
20,Female,75.90,1.73,165.00,152.00,63.00,1.39,"1,056.00",Strength,30.60,2.10,4.00,2.00,25.36
23,Female,71.40,1.72,164.00,169.00,74.00,1.25,"1,056.00",Strength,25.60,1.50,2.00,1.00,24.13
22,Male,102.60,1.84,163.00,153.00,65.00,1.25,"1,052.00",Strength,20.50,2.70,3.00,2.00,30.30
19,Male,89.00,1.77,175.00,127.00,72.00,1.50,"1,048.00",Strength,28.90,3.70,4.00,2.00,28.41
21,Male,96.70,1.72,161.00,151.00,62.00,1.26,"1,046.00",Strength,25.00,2.80,3.00,1.00,32.69
36,Female,60.00,1.72,161.00,128.00,51.00,1.63,"1,043.00",Strength,18.20,2.70,5.00,3.00,20.28
20,Female,71.30,1.69,167.00,163.00,52.00,1.28,"1,043.00",Strength,33.40,2.30,3.00,2.00,24.96
28,Male,76.30,1.62,161.00,162.00,70.00,1.16,"1,034.00",Strength,20.10,2.30,3.00,2.00,29.07
32,Male,49.30,1.62,167.00,158.00,74.00,1.18,"1,025.00",Strength,29.30,2.50,3.00,2.00,18.79
54,Female,46.60,1.50,175.00,165.00,58.00,1.38,"1,025.00",Strength,30.60,2.00,2.00,1.00,20.71
27,Male,76.50,1.97,180.00,165.00,61.00,1.13,"1,025.00",Strength,21.30,2.30,2.00,1.00,19.71
56,Male,93.60,1.66,177.00,151.00,52.00,1.37,"1,024.00",Strength,29.00,2.20,2.00,1.00,33.97
28,Female,71.30,1.67,192.00,140.00,63.00,1.46,"1,022.00",Strength,28.10,1.50,4.00,2.00,25.57
29,Male,86.70,1.62,174.00,122.00,55.00,1.52,"1,020.00",Strength,13.90,3.50,4.00,3.00,33.04
52,Female,79.40,1.59,166.00,163.00,59.00,1.39,"1,020.00",Strength,26.60,1.50,3.00,2.00,31.41
22,Male,107.40,1.74,195.00,138.00,63.00,1.34,"1,017.00",Strength,22.00,2.20,2.00,1.00,35.47
50,Female,55.40,1.55,175.00,122.00,65.00,1.85,"1,016.00",Strength,18.50,2.70,4.00,3.00,23.06
32,Male,84.00,1.74,195.00,127.00,63.00,1.45,"1,013.00",Strength,25.80,2.10,3.00,1.00,27.74
52,Male,65.50,1.74,191.00,138.00,70.00,1.48,"1,011.00",Strength,26.20,2.80,4.00,2.00,21.63
52,Female,63.10,1.54,185.00,165.00,67.00,1.36,"1,010.00",Strength,34.80,1.80,3.00,2.00,26.61
29,Male,81.70,1.99,162.00,126.00,54.00,1.45,"1,005.00",Strength,29.40,3.20,2.00,1.00,20.63
57,Female,64.00,1.52,170.00,129.00,52.00,1.73,"1,004.00",Strength,15.20,2.70,5.00,3.00,27.70
26,Male,76.40,1.79,177.00,156.00,73.00,1.17,"1,004.00",Strength,21.30,2.70,3.00,2.00,23.84
18,Female,54.80,1.68,176.00,158.00,71.00,1.27,"1,003.00",Strength,32.00,2.20,4.00,2.00,19.42
48,Female,69.10,1.60,191.00,166.00,53.00,1.34,"1,001.00",Strength,26.10,2.00,4.00,2.00,26.99
18,Female,62.00,1.59,190.00,162.00,50.00,1.23,996.00,Strength,33.20,2.20,4.00,2.00,24.52
29,Male,55.70,1.61,177.00,128.00,51.00,1.41,993.00,Strength,28.70,2.30,3.00,1.00,21.49
55,Male,69.90,1.81,179.00,167.00,57.00,1.20,992.00,Strength,20.20,2.10,4.00,2.00,21.34
37,Male,76.90,1.82,192.00,121.00,50.00,1.49,992.00,Strength,24.50,2.80,4.00,2.00,23.22
59,Male,53.90,1.75,168.00,135.00,69.00,1.48,989.00,Strength,21.60,2.80,4.00,2.00,17.60
34,Male,52.00,1.78,171.00,130.00,53.00,1.38,987.00,Strength,22.40,2.70,4.00,2.00,16.41
50,Female,42.70,1.53,168.00,155.00,65.00,1.41,983.00,Strength,28.40,2.40,4.00,2.00,18.24
37,Female,54.60,1.57,170.00,150.00,62.00,1.31,982.00,Strength,32.10,2.40,3.00,1.00,22.15
28,Male,58.30,2.00,198.00,135.00,65.00,1.32,980.00,Strength,28.20,3.00,4.00,2.00,14.57
49,Female,68.30,1.52,177.00,150.00,60.00,1.45,979.00,Strength,29.40,1.80,4.00,2.00,29.56
22,Female,42.80,1.56,174.00,133.00,66.00,1.47,978.00,Strength,32.20,2.60,3.00,2.00,17.59
55,Male,63.50,1.86,198.00,144.00,53.00,1.36,969.00,Strength,22.90,2.90,4.00,2.00,18.35
52,Male,63.60,1.62,168.00,150.00,55.00,1.30,965.00,Strength,20.80,2.30,4.00,2.00,24.23
53,Female,56.30,1.79,193.00,141.00,59.00,1.52,964.00,Strength,16.50,2.70,5.00,3.00,17.57
53,Female,53.30,1.74,173.00,156.00,54.00,1.37,962.00,Strength,32.20,1.80,3.00,2.00,17.60
28,Male,114.20,1.87,184.00,166.00,55.00,1.05,959.00,Strength,20.20,3.20,3.00,2.00,32.66
44,Female,72.10,1.66,176.00,152.00,55.00,1.40,958.00,Strength,27.00,2.50,2.00,1.00,26.16
45,Male,52.40,1.85,186.00,161.00,73.00,1.20,956.00,Strength,25.20,2.50,3.00,1.00,15.31
51,Male,60.70,1.71,168.00,169.00,60.00,1.14,954.00,Strength,22.10,2.50,2.00,1.00,20.76
35,Female,78.00,1.67,198.00,168.00,57.00,1.13,949.00,Strength,33.30,2.50,4.00,2.00,27.97
33,Male,113.60,1.99,169.00,125.00,58.00,1.38,949.00,Strength,28.40,3.40,2.00,1.00,28.69
33,Female,64.10,1.63,186.00,120.00,74.00,1.58,948.00,Strength,16.40,2.70,5.00,3.00,24.13
38,Male,46.90,1.74,198.00,167.00,64.00,1.03,946.00,Strength,20.00,2.60,4.00,2.00,15.49
47,Male,73.90,1.80,173.00,140.00,50.00,1.36,942.00,Strength,28.30,3.70,3.00,1.00,22.81
23,Male,57.70,1.71,179.00,149.00,58.00,1.15,942.00,Strength,27.00,3.40,3.00,2.00,19.73
42,Female,50.70,1.75,163.00,162.00,51.00,1.29,940.00,Strength,29.00,1.90,3.00,2.00,16.56
39,Male,93.40,1.70,191.00,155.00,50.00,1.10,938.00,Strength,21.10,2.50,4.00,2.00,32.32
22,Female,78.50,1.70,177.00,138.00,66.00,1.36,938.00,Strength,31.90,2.10,4.00,2.00,27.16
58,Female,74.80,1.69,175.00,162.00,53.00,1.28,933.00,Strength,32.80,2.30,4.00,2.00,26.19
49,Male,82.30,1.84,192.00,146.00,71.00,1.29,932.00,Strength,28.40,3.40,4.00,2.00,24.31
52,Male,70.90,1.72,194.00,143.00,66.00,1.31,927.00,Strength,20.20,2.60,3.00,2.00,23.97
56,Female,67.70,1.58,189.00,142.00,52.00,1.45,927.00,Strength,32.70,1.90,2.00,1.00,27.12
55,Female,49.30,1.76,194.00,161.00,73.00,1.28,927.00,Strength,30.50,2.00,2.00,1.00,15.92
57,Female,60.90,1.52,196.00,157.00,66.00,1.31,926.00,Strength,30.60,1.80,3.00,2.00,26.36
47,Male,82.10,1.84,185.00,136.00,65.00,1.37,922.00,Strength,24.40,3.40,4.00,2.00,24.25
28,Male,128.40,1.86,173.00,158.00,71.00,1.06,921.00,Strength,23.60,3.30,4.00,2.00,37.11
41,Female,77.60,1.76,162.00,161.00,71.00,1.27,920.00,Strength,31.80,2.20,4.00,2.00,25.05
34,Male,75.70,1.94,181.00,141.00,72.00,1.18,915.00,Strength,29.30,2.40,4.00,2.00,20.11
59,Male,126.40,1.69,168.00,149.00,68.00,1.24,915.00,Strength,29.50,2.90,3.00,1.00,44.26
50,Female,61.60,1.75,192.00,166.00,74.00,1.22,911.00,Strength,25.50,2.20,4.00,2.00,20.11
29,Female,54.90,1.52,172.00,123.00,72.00,1.48,910.00,Strength,27.00,2.00,3.00,1.00,23.76
46,Female,62.50,1.54,197.00,125.00,73.00,1.61,906.00,Strength,18.10,2.70,4.00,3.00,26.35
50,Male,96.70,1.72,188.00,125.00,62.00,1.46,903.00,Strength,25.70,2.70,3.00,2.00,32.69
39,Female,63.60,1.56,183.00,148.00,66.00,1.22,903.00,Strength,34.80,2.40,2.00,1.00,26.13
52,Female,60.30,1.68,182.00,125.00,64.00,1.60,900.00,Strength,16.50,2.70,4.00,3.00,21.36
45,Female,48.20,1.64,168.00,159.00,67.00,1.25,894.00,Strength,32.10,2.50,4.00,2.00,17.92
45,Female,71.20,1.68,172.00,144.00,63.00,1.37,888.00,Strength,34.10,1.60,3.00,1.00,25.23
36,Female,57.30,1.64,164.00,157.00,70.00,1.13,887.00,Strength,25.30,1.80,4.00,2.00,21.30
45,Female,50.90,1.65,170.00,136.00,50.00,1.45,887.00,Strength,30.10,2.30,2.00,1.00,18.70
59,Male,50.30,1.95,188.00,167.00,55.00,1.07,885.00,Strength,24.40,3.40,3.00,1.00,13.23
59,Male,89.40,1.62,198.00,125.00,59.00,1.43,885.00,Strength,23.50,3.60,3.00,2.00,34.06
31,Female,42.70,1.76,182.00,121.00,65.00,1.46,883.00,Strength,34.90,2.20,3.00,1.00,13.78
22,Female,50.70,1.59,197.00,139.00,66.00,1.27,883.00,Strength,29.40,1.80,3.00,2.00,20.05
57,Male,82.20,1.69,188.00,155.00,63.00,1.15,882.00,Strength,25.20,3.40,4.00,2.00,28.78
54,Male,125.90,1.94,199.00,132.00,73.00,1.35,882.00,Strength,28.50,2.90,3.00,2.00,33.45
21,Female,76.30,1.65,180.00,154.00,62.00,1.14,878.00,Strength,31.80,1.70,3.00,2.00,28.03
19,Female,73.90,1.77,198.00,137.00,64.00,1.28,877.00,Strength,32.50,2.60,3.00,2.00,23.59
37,Female,66.90,1.75,184.00,127.00,50.00,1.38,876.00,Strength,26.50,2.10,4.00,2.00,21.84
49,Female,45.20,1.74,164.00,156.00,73.00,1.24,870.00,Strength,30.80,2.10,3.00,2.00,14.93
20,Female,74.70,1.58,172.00,166.00,62.00,1.04,863.00,Strength,32.80,2.40,3.00,2.00,29.92
36,Male,69.20,1.65,165.00,126.00,65.00,1.23,852.00,Strength,27.20,2.70,3.00,1.00,25.42
56,Female,50.60,1.70,175.00,146.00,58.00,1.29,848.00,Strength,33.10,2.30,2.00,1.00,17.51
50,Male,52.20,1.84,195.00,124.00,52.00,1.38,847.00,Strength,28.20,3.10,4.00,2.00,15.42
28,Female,78.70,1.63,185.00,154.00,59.00,1.10,847.00,Strength,31.70,1.80,3.00,2.00,29.62
47,Female,68.70,1.76,161.00,137.00,66.00,1.37,845.00,Strength,27.70,2.40,3.00,2.00,22.18
46,Male,59.40,1.68,165.00,147.00,62.00,1.16,844.00,Strength,20.20,2.50,4.00,2.00,21.05
26,Female,54.00,1.53,175.00,148.00,54.00,1.14,844.00,Strength,26.90,1.70,3.00,1.00,23.07
44,Male,124.80,1.85,175.00,126.00,69.00,1.35,842.00,Strength,24.40,3.50,4.00,2.00,36.46
57,Female,46.10,1.76,165.00,130.00,60.00,1.44,842.00,Strength,25.80,1.70,3.00,2.00,14.88
59,Female,75.80,1.77,167.00,128.00,53.00,1.46,841.00,Strength,33.10,1.80,3.00,1.00,24.19
52,Female,59.70,1.71,169.00,151.00,58.00,1.23,836.00,Strength,34.30,2.00,3.00,1.00,20.42
33,Female,74.20,1.76,192.00,145.00,66.00,1.15,834.00,Strength,25.90,1.50,4.00,2.00,23.95
26,Female,72.80,1.67,163.00,121.00,50.00,1.37,829.00,Strength,35.00,1.90,2.00,1.00,26.10
33,Female,56.40,1.54,165.00,155.00,63.00,1.06,822.00,Strength,29.20,1.50,3.00,1.00,23.78
34,Female,46.90,1.61,196.00,161.00,69.00,1.02,821.00,Strength,28.60,1.70,3.00,2.00,18.09
44,Female,61.70,1.55,196.00,129.00,66.00,1.41,819.00,Strength,33.10,2.60,4.00,2.00,25.68
45,Male,52.50,1.88,194.00,153.00,71.00,1.08,818.00,Strength,29.00,2.90,4.00,2.00,14.85
32,Male,102.80,1.98,168.00,120.00,61.00,1.24,818.00,Strength,27.80,2.80,3.00,2.00,26.22
56,Male,125.50,1.80,189.00,131.00,73.00,1.26,817.00,Strength,20.90,2.70,4.00,2.00,38.73
43,Male,46.20,1.63,176.00,139.00,65.00,1.18,812.00,Strength,21.70,2.10,2.00,1.00,17.39
31,Female,53.50,1.76,172.00,133.00,69.00,1.22,811.00,Strength,27.60,1.80,4.00,2.00,17.27
30,Female,51.50,1.74,174.00,150.00,64.00,1.08,810.00,Strength,33.90,2.00,3.00,2.00,17.01
49,Male,77.70,1.61,160.00,158.00,50.00,1.03,806.00,Strength,26.70,3.40,3.00,2.00,29.98
48,Female,73.00,1.59,196.00,149.00,64.00,1.19,798.00,Strength,32.00,2.10,3.00,2.00,28.88
57,Male,96.30,1.86,168.00,146.00,74.00,1.10,795.00,Strength,27.60,2.20,3.00,2.00,27.84
40,Male,51.70,1.82,161.00,160.00,71.00,0.90,792.00,Strength,21.40,3.00,3.00,1.00,15.61
30,Female,60.60,1.55,172.00,120.00,52.00,1.30,780.00,Strength,32.90,1.60,3.00,2.00,25.22
52,Female,68.20,1.63,179.00,148.00,67.00,1.17,779.00,Strength,27.50,2.40,3.00,1.00,25.67
41,Male,64.80,1.71,164.00,131.00,54.00,1.20,778.00,Strength,22.50,2.80,3.00,2.00,22.16
58,Female,49.70,1.67,191.00,125.00,72.00,1.38,776.00,Strength,31.90,2.30,4.00,2.00,17.82
53,Male,51.80,1.74,179.00,127.00,61.00,1.23,773.00,Strength,21.30,3.70,3.00,2.00,17.11
36,Male,56.20,1.95,183.00,128.00,64.00,1.09,767.00,Strength,22.50,3.40,4.00,2.00,14.78
50,Male,95.40,1.61,173.00,133.00,50.00,1.16,764.00,Strength,21.50,3.60,4.00,2.00,36.80
40,Female,52.60,1.66,198.00,120.00,71.00,1.27,762.00,Strength,32.90,1.70,3.00,2.00,19.09
26,Male,47.70,1.77,198.00,120.00,69.00,1.15,759.00,Strength,24.80,2.70,3.00,2.00,15.23
32,Female,70.50,1.62,177.00,122.00,58.00,1.24,756.00,Strength,28.40,1.80,2.00,1.00,26.86
50,Female,69.70,1.72,198.00,135.00,66.00,1.24,753.00,Strength,27.30,2.00,4.00,2.00,23.56
26,Female,76.70,1.63,199.00,139.00,72.00,1.08,751.00,Strength,25.60,1.70,2.00,1.00,28.87
43,Female,53.80,1.72,173.00,160.00,71.00,1.03,742.00,Strength,30.20,2.30,4.00,2.00,18.19
47,Female,66.80,1.75,199.00,146.00,56.00,1.13,742.00,Strength,32.80,2.50,3.00,2.00,21.81
39,Female,42.50,1.75,181.00,131.00,52.00,1.13,740.00,Strength,26.20,2.10,2.00,1.00,13.88
49,Male,61.00,1.87,180.00,131.00,61.00,1.14,739.00,Strength,21.30,3.00,4.00,2.00,17.44
45,Female,59.40,1.51,169.00,142.00,65.00,1.15,735.00,Strength,33.10,1.90,4.00,2.00,26.05
37,Female,72.90,1.76,192.00,121.00,52.00,1.21,732.00,Strength,27.50,1.90,3.00,2.00,23.53
59,Female,42.10,1.65,172.00,132.00,59.00,1.22,725.00,Strength,33.00,2.20,2.00,1.00,15.46
40,Male,73.20,1.94,177.00,162.00,69.00,0.81,722.00,Strength,29.00,2.40,2.00,1.00,19.45
28,Male,121.70,1.94,185.00,127.00,52.00,1.03,719.00,Strength,28.90,2.60,4.00,2.00,32.34
55,Female,63.00,1.70,187.00,121.00,67.00,1.32,719.00,Strength,34.90,2.50,3.00,1.00,21.80
35,Male,127.10,1.62,187.00,128.00,69.00,1.02,718.00,Strength,23.30,3.40,4.00,2.00,48.43
42,Female,56.70,1.53,192.00,149.00,74.00,1.07,717.00,Strength,27.40,1.90,3.00,1.00,24.22
41,Male,74.30,1.61,160.00,136.00,51.00,1.06,714.00,Strength,24.80,3.50,4.00,2.00,28.66
27,Female,63.70,1.52,195.00,120.00,60.00,1.19,714.00,Strength,25.40,2.10,4.00,2.00,27.57
53,Female,55.80,1.55,171.00,141.00,54.00,1.12,711.00,Strength,27.00,1.80,4.00,2.00,23.23
28,Female,62.40,1.60,178.00,129.00,62.00,1.10,710.00,Strength,34.10,1.70,3.00,2.00,24.37
24,Male,51.00,1.67,178.00,133.00,72.00,0.97,710.00,Strength,21.30,2.80,3.00,1.00,18.29
57,Male,55.70,1.99,170.00,126.00,70.00,1.13,705.00,Strength,23.60,3.00,3.00,2.00,14.07
23,Male,116.80,1.79,178.00,127.00,69.00,1.00,698.00,Strength,26.80,3.40,4.00,2.00,36.45
49,Female,70.20,1.67,186.00,166.00,50.00,0.93,695.00,Strength,32.50,1.80,3.00,1.00,25.17
59,Male,86.90,1.76,194.00,123.00,60.00,1.13,688.00,Strength,29.80,3.10,3.00,2.00,28.05
52,Male,82.40,1.72,166.00,137.00,53.00,1.01,685.00,Strength,24.40,2.70,4.00,2.00,27.85
46,Female,63.10,1.61,187.00,152.00,68.00,1.00,684.00,Strength,34.70,2.20,4.00,2.00,24.34
29,Female,60.00,1.62,181.00,161.00,69.00,0.85,684.00,Strength,28.10,1.90,2.00,1.00,22.86
41,Male,51.50,1.80,166.00,126.00,60.00,1.09,680.00,Strength,26.70,2.10,4.00,2.00,15.90
42,Male,97.90,1.91,193.00,136.00,73.00,1.01,680.00,Strength,29.00,2.80,3.00,2.00,26.84
57,Female,78.40,1.62,185.00,149.00,52.00,1.01,677.00,Strength,31.70,2.00,4.00,2.00,29.87
43,Female,70.10,1.66,169.00,151.00,58.00,0.99,673.00,Strength,34.60,2.60,2.00,1.00,25.44
50,Male,69.60,1.96,166.00,139.00,68.00,0.97,667.00,Strength,25.60,2.00,3.00,1.00,18.12
55,Male,75.60,1.71,173.00,130.00,57.00,1.03,663.00,Strength,28.10,2.00,4.00,2.00,25.85
43,Male,55.50,1.82,160.00,124.00,66.00,1.08,663.00,Strength,20.10,2.00,3.00,1.00,16.76
19,Female,48.30,1.52,186.00,136.00,56.00,0.96,653.00,Strength,26.30,1.60,2.00,1.00,20.91
55,Male,118.60,1.72,163.00,168.00,67.00,0.77,640.00,Strength,25.90,2.60,3.00,1.00,40.09
56,Male,129.50,1.95,160.00,129.00,66.00,1.00,639.00,Strength,25.20,3.50,2.00,1.00,34.06
33,Female,68.20,1.75,177.00,150.00,71.00,0.85,638.00,Strength,29.00,1.70,2.00,1.00,22.27
36,Female,59.30,1.75,178.00,128.00,58.00,0.99,634.00,Strength,34.50,2.30,3.00,1.00,19.36
39,Male,107.70,1.88,162.00,160.00,59.00,0.72,634.00,Strength,28.10,3.60,2.00,1.00,30.47
23,Male,83.10,1.80,185.00,162.00,56.00,0.70,624.00,Strength,29.30,3.10,3.00,1.00,25.65
37,Female,70.30,1.77,162.00,123.00,52.00,1.01,621.00,Strength,33.70,1.70,2.00,1.00,22.44
42,Female,42.70,1.74,161.00,130.00,71.00,1.04,608.00,Strength,32.90,1.60,3.00,1.00,14.10
18,Female,72.20,1.54,194.00,125.00,54.00,0.97,606.00,Strength,27.10,1.70,2.00,1.00,30.44
24,Female,42.00,1.75,174.00,144.00,55.00,0.83,598.00,Strength,31.80,2.30,3.00,1.00,13.71
43,Male,102.60,1.72,190.00,147.00,58.00,0.82,597.00,Strength,27.50,2.00,2.00,1.00,34.68
39,Male,85.30,1.89,163.00,140.00,61.00,0.77,593.00,Strength,27.60,3.60,2.00,1.00,23.88
18,Male,62.00,1.85,161.00,121.00,53.00,0.88,586.00,Strength,23.70,3.00,3.00,1.00,18.12
23,Female,47.40,1.60,196.00,154.00,50.00,0.76,585.00,Strength,33.50,1.60,3.00,1.00,18.52
43,Female,58.20,1.61,179.00,124.00,54.00,1.04,580.00,Strength,26.40,2.60,3.00,2.00,22.45
27,Female,69.50,1.76,171.00,121.00,66.00,0.94,569.00,Strength,34.40,2.00,3.00,1.00,22.44
38,Male,46.10,1.79,188.00,158.00,68.00,0.64,556.00,Strength,29.20,2.80,3.00,1.00,14.39
51,Female,78.10,1.51,193.00,134.00,74.00,0.92,555.00,Strength,31.10,2.60,3.00,1.00,34.25
47,Male,127.10,1.76,199.00,157.00,73.00,0.71,552.00,Strength,24.90,3.00,2.00,1.00,41.03
46,Male,88.70,1.63,166.00,146.00,66.00,0.75,542.00,Strength,28.80,3.50,2.00,1.00,33.38
25,Male,53.20,1.70,190.00,164.00,56.00,0.59,532.00,Strength,28.80,2.10,3.00,1.00,18.41
45,Male,113.40,1.71,190.00,129.00,63.00,0.83,530.00,Strength,24.00,2.30,2.00,1.00,38.78
43,Female,53.10,1.59,187.00,136.00,72.00,0.82,502.00,Strength,29.50,2.50,2.00,1.00,21.00
28,Female,63.00,1.62,196.00,147.00,55.00,0.68,500.00,Strength,31.70,1.90,2.00,1.00,24.01
18,Female,67.40,1.60,182.00,164.00,71.00,0.60,492.00,Strength,33.50,2.40,3.00,1.00,26.33
31,Male,49.30,1.62,182.00,157.00,52.00,0.56,484.00,Strength,20.00,3.20,2.00,1.00,18.79
56,Female,45.10,1.73,165.00,129.00,73.00,0.83,482.00,Strength,25.40,2.60,3.00,1.00,15.07
52,Female,79.90,1.51,190.00,142.00,54.00,0.75,479.00,Strength,31.50,2.60,3.00,1.00,35.04
28,Female,67.30,1.67,171.00,157.00,74.00,0.61,479.00,Strength,29.20,2.30,3.00,1.00,24.13
47,Female,40.00,1.76,173.00,132.00,63.00,0.80,475.00,Strength,26.70,2.20,3.00,1.00,12.91
50,Female,70.40,1.55,160.00,143.00,58.00,0.73,470.00,Strength,29.90,2.70,2.00,1.00,29.30
42,Male,50.30,1.64,177.00,150.00,62.00,0.63,468.00,Strength,27.00,2.40,3.00,1.00,18.70
50,Male,87.40,1.60,182.00,122.00,67.00,0.77,465.00,Strength,23.20,3.10,2.00,1.00,34.14
56,Male,55.60,1.92,181.00,136.00,62.00,0.68,458.00,Strength,29.40,3.20,3.00,1.00,15.08
25,Male,76.50,1.96,180.00,120.00,59.00,0.67,442.00,Strength,23.20,2.30,3.00,1.00,19.91
51,Male,109.30,1.78,182.00,157.00,64.00,0.54,420.00,Strength,28.70,3.30,3.00,1.00,34.50
31,Female,53.30,1.64,183.00,141.00,70.00,0.57,402.00,Strength,29.40,2.40,3.00,1.00,19.82
55,Female,70.80,1.62,166.00,162.00,68.00,0.54,394.00,Strength,26.00,1.80,3.00,1.00,26.98
22,Male,62.20,1.84,161.00,140.00,65.00,0.51,393.00,Strength,21.50,2.30,3.00,1.00,18.37
53,Male,125.10,1.91,171.00,137.00,70.00,0.52,353.00,Strength,28.30,3.10,2.00,1.00,34.29
42,Male,73.50,1.63,188.00,136.00,68.00,0.52,350.00,Strength,26.10,3.20,3.00,1.00,27.66
28,Female,55.10,1.79,192.00,159.00,67.00,1.99,"1,582.00",Yoga,17.00,2.70,5.00,3.00,17.20
34,Male,88.00,1.64,197.00,147.00,70.00,1.90,"1,536.00",Yoga,14.40,3.50,4.00,3.00,32.72
22,Female,61.80,1.52,169.00,166.00,61.00,1.83,"1,519.00",Yoga,17.00,2.70,5.00,3.00,26.75
49,Male,82.80,1.95,183.00,159.00,73.00,1.91,"1,503.00",Yoga,14.30,3.50,5.00,3.00,21.78
36,Male,85.40,1.88,195.00,137.00,60.00,1.98,"1,492.00",Yoga,13.50,3.50,5.00,3.00,24.16
43,Female,57.30,1.79,175.00,166.00,62.00,1.98,"1,479.00",Yoga,17.80,2.70,4.00,3.00,17.88
41,Female,62.30,1.79,181.00,162.00,73.00,1.99,"1,451.00",Yoga,19.00,2.70,5.00,3.00,19.44
25,Male,81.70,1.95,188.00,136.00,74.00,1.94,"1,451.00",Yoga,13.80,3.50,4.00,3.00,21.49
39,Female,55.90,1.71,184.00,148.00,59.00,1.95,"1,443.00",Yoga,19.50,2.70,5.00,3.00,19.12
18,Female,58.10,1.61,175.00,150.00,71.00,1.90,"1,425.00",Yoga,15.30,2.70,4.00,3.00,22.41
18,Female,64.80,1.53,170.00,141.00,54.00,1.98,"1,396.00",Yoga,18.60,2.70,5.00,3.00,27.68
29,Male,84.90,1.72,187.00,140.00,51.00,1.79,"1,378.00",Yoga,14.30,3.50,4.00,3.00,28.70
30,Male,85.30,1.95,160.00,155.00,68.00,1.61,"1,373.00",Yoga,10.40,3.50,5.00,3.00,22.43
44,Male,86.60,1.97,197.00,167.00,50.00,1.66,"1,372.00",Yoga,11.70,3.50,5.00,3.00,22.31
40,Female,56.20,1.79,198.00,153.00,57.00,1.79,"1,369.00",Yoga,17.60,2.70,5.00,3.00,17.54
31,Female,61.10,1.76,189.00,150.00,67.00,1.81,"1,358.00",Yoga,18.60,2.70,4.00,3.00,19.72
52,Male,85.50,1.82,174.00,154.00,57.00,1.78,"1,357.00",Yoga,14.90,3.50,4.00,3.00,25.81
21,Male,80.90,1.90,194.00,137.00,55.00,1.80,"1,356.00",Yoga,11.70,3.50,4.00,3.00,22.41
56,Male,89.00,1.68,176.00,152.00,65.00,1.77,"1,332.00",Yoga,10.50,3.50,5.00,3.00,31.53
38,Male,88.40,1.79,182.00,138.00,68.00,1.74,"1,321.00",Yoga,12.50,3.50,5.00,3.00,27.59
52,Male,85.60,1.74,182.00,145.00,56.00,1.84,"1,321.00",Yoga,13.90,3.50,4.00,3.00,28.27
42,Male,88.40,1.93,188.00,158.00,65.00,1.68,"1,314.00",Yoga,12.40,3.50,4.00,3.00,23.73
56,Male,88.30,1.71,180.00,157.00,60.00,1.69,"1,313.00",Yoga,12.60,3.50,4.00,3.00,30.20
26,Female,62.40,1.61,198.00,139.00,58.00,1.88,"1,307.00",Yoga,19.80,2.70,4.00,3.00,24.07
18,Male,92.40,1.74,195.00,168.00,50.00,1.41,"1,303.00",Yoga,21.30,3.10,2.00,1.00,30.52
33,Female,55.60,1.61,161.00,147.00,54.00,1.77,"1,301.00",Yoga,18.90,2.70,4.00,3.00,21.45
45,Male,89.60,1.81,178.00,153.00,70.00,1.70,"1,287.00",Yoga,12.40,3.50,5.00,3.00,27.35
34,Female,64.30,1.62,174.00,145.00,62.00,1.76,"1,276.00",Yoga,19.80,2.70,5.00,3.00,24.50
34,Male,115.30,1.81,181.00,167.00,67.00,1.36,"1,249.00",Yoga,24.50,2.20,2.00,1.00,35.19
26,Male,87.10,1.87,173.00,132.00,58.00,1.71,"1,241.00",Yoga,11.20,3.50,4.00,3.00,24.91
31,Male,86.90,1.69,185.00,130.00,65.00,1.72,"1,230.00",Yoga,14.00,3.50,4.00,3.00,30.43
18,Male,125.90,1.67,172.00,153.00,60.00,1.46,"1,229.00",Yoga,20.60,2.20,3.00,2.00,45.14
49,Male,81.40,1.83,167.00,125.00,73.00,1.98,"1,225.00",Yoga,13.60,3.50,5.00,3.00,24.31
40,Female,55.10,1.61,184.00,158.00,64.00,1.55,"1,224.00",Yoga,16.90,2.70,4.00,3.00,21.26
38,Male,123.30,1.62,161.00,165.00,65.00,1.34,"1,216.00",Yoga,21.20,2.30,4.00,2.00,46.98
45,Male,46.60,1.79,176.00,168.00,55.00,1.46,"1,214.00",Yoga,22.90,2.40,3.00,2.00,14.54
20,Male,117.70,1.81,196.00,161.00,54.00,1.35,"1,195.00",Yoga,26.40,3.30,3.00,2.00,35.93
43,Male,81.00,1.78,188.00,152.00,65.00,1.58,"1,189.00",Yoga,12.40,3.50,5.00,3.00,25.56
25,Female,55.30,1.76,176.00,152.00,67.00,1.56,"1,186.00",Yoga,15.50,2.70,4.00,3.00,17.85
50,Female,56.50,1.60,196.00,140.00,61.00,1.88,"1,184.00",Yoga,19.20,2.70,5.00,3.00,22.07
35,Female,64.20,1.59,199.00,145.00,66.00,1.63,"1,182.00",Yoga,16.60,2.70,5.00,3.00,25.39
50,Male,80.50,1.77,175.00,129.00,59.00,1.85,"1,181.00",Yoga,14.30,3.50,4.00,3.00,25.70
23,Female,59.00,1.78,185.00,141.00,58.00,1.67,"1,177.00",Yoga,17.80,2.70,5.00,3.00,18.62
22,Female,71.60,1.77,197.00,158.00,56.00,1.49,"1,177.00",Yoga,30.30,1.80,3.00,1.00,22.85
37,Male,88.80,1.95,189.00,135.00,66.00,1.58,"1,173.00",Yoga,10.30,3.50,5.00,3.00,23.35
27,Male,61.60,1.80,169.00,144.00,72.00,1.48,"1,172.00",Yoga,26.40,3.10,2.00,1.00,19.01
57,Male,85.60,1.69,189.00,133.00,50.00,1.76,"1,159.00",Yoga,12.70,3.50,5.00,3.00,29.97
54,Male,86.50,1.76,189.00,158.00,68.00,1.48,"1,158.00",Yoga,29.00,3.40,3.00,2.00,27.92
30,Male,67.90,1.75,180.00,168.00,67.00,1.25,"1,155.00",Yoga,29.10,3.10,2.00,1.00,22.17
42,Male,85.20,1.81,189.00,151.00,65.00,1.54,"1,151.00",Yoga,13.70,3.50,5.00,3.00,26.01
58,Male,109.00,1.91,198.00,156.00,56.00,1.49,"1,151.00",Yoga,26.00,2.20,3.00,2.00,29.88
47,Female,61.90,1.54,190.00,131.00,61.00,1.95,"1,150.00",Yoga,16.40,2.70,4.00,3.00,26.10
56,Male,90.20,1.61,163.00,168.00,51.00,1.38,"1,148.00",Yoga,22.60,2.30,3.00,2.00,34.80
18,Female,65.30,1.55,184.00,161.00,59.00,1.42,"1,143.00",Yoga,28.50,2.20,3.00,2.00,27.18
41,Female,61.90,1.64,166.00,131.00,68.00,1.93,"1,138.00",Yoga,19.40,2.70,4.00,3.00,23.01
50,Male,51.50,1.71,199.00,155.00,64.00,1.48,"1,136.00",Yoga,20.90,2.90,2.00,1.00,17.61
47,Male,89.10,1.84,168.00,159.00,65.00,1.44,"1,133.00",Yoga,24.00,3.60,3.00,2.00,26.32
42,Female,59.50,1.74,195.00,141.00,52.00,1.78,"1,129.00",Yoga,16.40,2.70,5.00,3.00,19.65
25,Female,74.30,1.71,162.00,157.00,64.00,1.43,"1,123.00",Yoga,25.60,1.60,3.00,2.00,25.41
34,Female,51.00,1.62,162.00,158.00,53.00,1.42,"1,122.00",Yoga,30.80,2.40,3.00,2.00,19.43
43,Female,64.70,1.66,191.00,132.00,69.00,1.88,"1,117.00",Yoga,19.80,2.70,4.00,3.00,23.48
31,Female,57.90,1.56,161.00,124.00,50.00,1.80,"1,116.00",Yoga,15.10,2.70,5.00,3.00,23.79
21,Male,67.00,1.61,161.00,152.00,74.00,1.32,"1,104.00",Yoga,22.00,2.10,3.00,2.00,25.85
45,Male,80.80,1.76,183.00,131.00,54.00,1.70,"1,102.00",Yoga,11.40,3.50,4.00,3.00,26.08
22,Male,71.00,1.93,162.00,139.00,53.00,1.42,"1,086.00",Yoga,21.20,2.90,4.00,2.00,19.06
53,Male,115.40,1.92,193.00,161.00,50.00,1.36,"1,084.00",Yoga,28.30,2.20,4.00,2.00,31.30
28,Female,52.00,1.61,168.00,164.00,70.00,1.32,"1,082.00",Yoga,27.90,2.00,3.00,2.00,20.06
42,Female,63.70,1.71,173.00,169.00,62.00,1.42,"1,080.00",Yoga,26.10,1.80,3.00,2.00,21.78
36,Male,99.90,1.99,189.00,147.00,73.00,1.33,"1,075.00",Yoga,20.90,2.50,3.00,1.00,25.23
25,Female,41.20,1.62,193.00,144.00,64.00,1.49,"1,073.00",Yoga,28.90,2.10,4.00,2.00,15.70
50,Male,45.40,1.67,163.00,158.00,62.00,1.37,"1,071.00",Yoga,24.10,2.80,4.00,2.00,16.28
25,Female,57.80,1.56,170.00,156.00,66.00,1.35,"1,053.00",Yoga,29.30,1.60,3.00,2.00,23.75
50,Female,58.10,1.58,199.00,120.00,50.00,1.93,"1,042.00",Yoga,19.30,2.70,5.00,3.00,23.27
20,Male,55.00,1.60,172.00,168.00,67.00,1.12,"1,035.00",Yoga,24.00,3.20,4.00,2.00,21.48
26,Male,125.50,1.76,176.00,163.00,66.00,1.15,"1,031.00",Yoga,23.20,3.10,4.00,2.00,40.52
29,Male,87.00,1.86,177.00,123.00,72.00,1.52,"1,028.00",Yoga,11.00,3.50,4.00,3.00,25.15
59,Female,65.50,1.52,161.00,162.00,61.00,1.40,"1,021.00",Yoga,31.20,2.10,3.00,2.00,28.35
48,Female,71.50,1.64,179.00,154.00,60.00,1.46,"1,012.00",Yoga,32.50,1.90,4.00,2.00,26.58
37,Male,48.70,1.67,164.00,132.00,74.00,1.39,"1,009.00",Yoga,27.30,3.00,2.00,1.00,17.46
45,Female,64.30,1.54,199.00,133.00,58.00,1.67,999.00,Yoga,15.30,2.70,4.00,3.00,27.11
54,Female,64.20,1.69,188.00,131.00,69.00,1.69,996.00,Yoga,16.50,2.70,4.00,3.00,22.48
43,Male,95.90,1.85,186.00,157.00,64.00,1.28,995.00,Yoga,27.70,3.40,2.00,1.00,28.02
43,Male,76.80,1.92,192.00,161.00,50.00,1.24,988.00,Yoga,21.10,2.50,3.00,1.00,20.83
25,Female,57.70,1.58,188.00,145.00,52.00,1.36,986.00,Yoga,25.70,2.20,3.00,2.00,23.11
54,Female,75.60,1.61,180.00,155.00,52.00,1.41,983.00,Yoga,34.90,2.50,4.00,2.00,29.17
45,Male,79.20,1.95,189.00,135.00,69.00,1.47,982.00,Yoga,22.80,2.80,3.00,2.00,20.83
29,Female,75.60,1.80,175.00,149.00,57.00,1.31,976.00,Yoga,25.70,1.90,4.00,2.00,23.33
46,Male,55.10,1.72,164.00,137.00,66.00,1.43,970.00,Yoga,20.50,3.60,3.00,2.00,18.62
44,Female,59.10,1.52,177.00,136.00,56.00,1.58,967.00,Yoga,18.40,2.70,5.00,3.00,25.58
53,Female,44.70,1.79,164.00,160.00,72.00,1.34,965.00,Yoga,26.70,2.10,3.00,2.00,13.95
43,Male,113.20,1.83,161.00,134.00,63.00,1.45,962.00,Yoga,29.90,2.90,4.00,2.00,33.80
45,Female,44.50,1.65,162.00,148.00,71.00,1.44,959.00,Yoga,30.70,1.60,3.00,1.00,16.35
34,Female,64.50,1.78,169.00,144.00,64.00,1.33,958.00,Yoga,27.80,1.80,4.00,2.00,20.36
19,Male,95.10,1.85,190.00,143.00,50.00,1.21,952.00,Yoga,25.30,2.30,4.00,2.00,27.79
19,Male,72.00,1.94,199.00,148.00,62.00,1.17,952.00,Yoga,24.70,3.20,3.00,2.00,19.13
51,Male,115.30,1.67,189.00,139.00,55.00,1.38,950.00,Yoga,24.40,2.50,3.00,2.00,41.34
18,Female,50.70,1.53,181.00,147.00,52.00,1.29,948.00,Yoga,33.00,2.10,3.00,2.00,21.66
21,Male,101.20,1.84,181.00,132.00,50.00,1.30,944.00,Yoga,24.30,3.30,2.00,1.00,29.89
54,Female,64.50,1.53,171.00,120.00,58.00,1.74,940.00,Yoga,17.20,2.70,4.00,3.00,27.55
26,Male,111.50,1.90,191.00,167.00,57.00,1.02,937.00,Yoga,25.20,2.20,2.00,1.00,30.89
43,Female,73.00,1.59,191.00,158.00,67.00,1.31,931.00,Yoga,28.90,2.20,3.00,1.00,28.88
41,Male,47.10,1.78,165.00,149.00,65.00,1.26,929.00,Yoga,24.70,2.40,3.00,1.00,14.87
56,Male,82.50,1.87,187.00,124.00,74.00,1.51,927.00,Yoga,13.20,3.50,5.00,3.00,23.59
18,Male,68.10,1.80,174.00,153.00,50.00,1.10,926.00,Yoga,25.40,3.30,4.00,2.00,21.02
49,Male,79.20,1.72,194.00,128.00,69.00,1.46,925.00,Yoga,29.90,3.30,3.00,1.00,26.77
54,Male,78.70,1.66,195.00,131.00,55.00,1.42,921.00,Yoga,22.90,2.60,3.00,2.00,28.56
28,Male,81.60,1.66,174.00,153.00,50.00,1.09,917.00,Yoga,20.50,3.50,4.00,2.00,29.61
22,Male,117.30,1.68,172.00,134.00,57.00,1.24,914.00,Yoga,28.50,2.70,3.00,2.00,41.56
41,Female,66.80,1.74,164.00,149.00,57.00,1.34,898.00,Yoga,29.20,2.30,3.00,1.00,22.06
42,Male,62.90,1.98,173.00,126.00,61.00,1.42,886.00,Yoga,28.50,3.40,4.00,2.00,16.04
36,Female,48.70,1.68,194.00,144.00,56.00,1.23,886.00,Yoga,33.70,1.60,3.00,1.00,17.25
20,Male,74.80,1.75,184.00,121.00,73.00,1.33,885.00,Yoga,25.00,3.30,3.00,2.00,24.42
31,Female,76.70,1.62,174.00,127.00,74.00,1.39,883.00,Yoga,28.10,2.30,4.00,2.00,29.23
37,Female,53.00,1.71,184.00,156.00,50.00,1.13,881.00,Yoga,28.10,1.70,4.00,2.00,18.13
45,Male,118.40,1.95,178.00,168.00,59.00,1.06,881.00,Yoga,24.90,2.40,3.00,2.00,31.14
32,Male,78.60,1.62,195.00,125.00,69.00,1.28,880.00,Yoga,29.60,3.10,3.00,1.00,29.95
29,Female,49.00,1.57,168.00,132.00,53.00,1.33,878.00,Yoga,26.50,2.60,3.00,2.00,19.88
19,Female,50.60,1.68,193.00,145.00,64.00,1.21,877.00,Yoga,30.60,2.10,3.00,2.00,17.93
48,Male,129.20,1.61,193.00,167.00,62.00,1.06,876.00,Yoga,21.40,2.90,4.00,2.00,49.84
51,Female,70.30,1.55,178.00,139.00,54.00,1.40,876.00,Yoga,26.10,1.60,3.00,1.00,29.26
43,Female,68.60,1.52,173.00,137.00,68.00,1.42,875.00,Yoga,28.10,2.60,4.00,2.00,29.69
52,Male,72.30,1.94,171.00,121.00,56.00,1.46,874.00,Yoga,21.10,2.90,3.00,2.00,19.21
42,Male,63.70,1.98,172.00,128.00,69.00,1.37,868.00,Yoga,24.00,3.00,2.00,1.00,16.25
46,Male,103.90,1.77,194.00,148.00,54.00,1.18,864.00,Yoga,20.90,2.90,2.00,1.00,33.16
38,Female,56.30,1.60,180.00,142.00,53.00,1.21,859.00,Yoga,28.80,1.90,4.00,2.00,21.99
37,Male,75.10,1.82,189.00,127.00,60.00,1.23,859.00,Yoga,26.40,3.20,4.00,2.00,22.67
43,Male,82.70,1.85,187.00,142.00,50.00,1.22,858.00,Yoga,28.20,3.10,4.00,2.00,24.16
38,Female,70.30,1.52,164.00,144.00,66.00,1.19,857.00,Yoga,25.60,2.00,4.00,2.00,30.43
44,Male,102.30,1.63,188.00,129.00,52.00,1.34,856.00,Yoga,20.90,2.60,4.00,2.00,38.50
40,Male,76.90,1.92,179.00,137.00,68.00,1.13,851.00,Yoga,22.40,3.70,4.00,2.00,20.86
50,Female,71.00,1.68,187.00,161.00,70.00,1.17,848.00,Yoga,33.10,2.50,2.00,1.00,25.16
37,Male,49.10,1.74,193.00,138.00,52.00,1.11,842.00,Yoga,22.30,2.60,3.00,2.00,16.22
51,Female,64.90,1.60,169.00,125.00,55.00,1.49,838.00,Yoga,31.10,2.50,4.00,2.00,25.35
47,Female,58.50,1.79,195.00,131.00,71.00,1.42,837.00,Yoga,30.30,2.40,4.00,2.00,18.26
52,Female,52.10,1.67,169.00,124.00,52.00,1.50,837.00,Yoga,32.00,1.50,2.00,1.00,18.68
49,Male,46.50,1.72,169.00,120.00,72.00,1.40,832.00,Yoga,22.20,2.60,4.00,2.00,15.72
41,Female,76.70,1.79,172.00,132.00,56.00,1.40,832.00,Yoga,34.00,2.00,4.00,2.00,23.94
43,Male,61.20,1.88,175.00,163.00,68.00,1.03,831.00,Yoga,24.70,2.90,3.00,1.00,17.32
54,Male,71.60,1.86,160.00,147.00,70.00,1.14,830.00,Yoga,25.30,2.20,3.00,2.00,20.70
24,Female,59.40,1.50,199.00,132.00,60.00,1.25,825.00,Yoga,25.00,2.00,3.00,2.00,26.40
53,Male,73.40,1.76,169.00,151.00,70.00,1.09,815.00,Yoga,27.90,2.80,3.00,2.00,23.70
59,Male,89.40,1.72,188.00,152.00,67.00,1.08,813.00,Yoga,24.50,3.20,3.00,1.00,30.22
54,Male,86.10,1.95,195.00,140.00,64.00,1.17,811.00,Yoga,27.90,3.40,2.00,1.00,22.64
50,Male,90.80,1.71,173.00,153.00,62.00,1.07,810.00,Yoga,22.60,3.40,4.00,2.00,31.05
29,Male,58.60,1.61,198.00,122.00,72.00,1.20,805.00,Yoga,23.40,2.00,3.00,2.00,22.61
56,Male,129.00,1.78,194.00,126.00,64.00,1.29,805.00,Yoga,27.10,2.70,2.00,1.00,40.71
26,Male,77.70,1.62,177.00,126.00,73.00,1.16,804.00,Yoga,29.60,3.00,3.00,2.00,29.61
26,Male,55.70,1.68,182.00,129.00,54.00,1.13,802.00,Yoga,21.70,2.90,3.00,1.00,19.73
28,Male,87.00,1.76,197.00,121.00,60.00,1.20,799.00,Yoga,28.40,3.50,3.00,2.00,28.09
57,Male,76.60,1.86,173.00,141.00,55.00,1.14,796.00,Yoga,25.40,2.80,4.00,2.00,22.14
55,Male,87.50,1.88,191.00,134.00,73.00,1.19,789.00,Yoga,27.20,2.60,4.00,2.00,24.76
33,Female,40.50,1.63,181.00,147.00,66.00,1.07,786.00,Yoga,31.90,1.50,4.00,2.00,15.24
55,Male,86.40,1.77,176.00,157.00,61.00,1.00,777.00,Yoga,27.30,2.80,3.00,2.00,27.58
21,Male,110.70,1.69,193.00,133.00,59.00,1.06,775.00,Yoga,27.00,2.70,3.00,1.00,38.76
25,Male,49.90,1.98,165.00,122.00,68.00,1.15,772.00,Yoga,25.70,2.10,3.00,2.00,12.73
24,Male,54.70,1.74,160.00,167.00,53.00,0.84,772.00,Yoga,22.90,3.60,3.00,1.00,18.07
19,Female,49.00,1.69,176.00,147.00,64.00,1.05,772.00,Yoga,29.20,2.40,3.00,1.00,17.16
55,Female,76.30,1.73,196.00,158.00,65.00,1.08,768.00,Yoga,32.00,2.60,3.00,1.00,25.49
31,Female,58.20,1.73,191.00,131.00,70.00,1.17,766.00,Yoga,25.80,1.80,3.00,2.00,19.45
42,Female,57.50,1.67,192.00,149.00,55.00,1.14,764.00,Yoga,34.10,2.40,2.00,1.00,20.62
50,Female,67.90,1.77,171.00,164.00,73.00,1.03,760.00,Yoga,33.00,2.40,3.00,2.00,21.67
45,Female,73.00,1.75,184.00,148.00,50.00,1.14,759.00,Yoga,26.60,2.00,4.00,2.00,23.84
47,Female,41.60,1.58,160.00,163.00,68.00,1.03,756.00,Yoga,26.60,2.10,4.00,2.00,16.66
50,Male,64.50,1.79,163.00,130.00,61.00,1.17,753.00,Yoga,28.10,2.40,4.00,2.00,20.13
54,Female,43.80,1.65,171.00,129.00,61.00,1.29,749.00,Yoga,26.60,1.70,4.00,2.00,16.09
43,Male,66.50,1.83,178.00,136.00,59.00,1.11,747.00,Yoga,27.10,2.40,3.00,2.00,19.86
41,Male,72.10,1.83,175.00,133.00,58.00,1.13,744.00,Yoga,21.40,2.80,3.00,2.00,21.53
58,Female,46.10,1.67,187.00,129.00,70.00,1.28,743.00,Yoga,25.30,1.80,4.00,2.00,16.53
58,Female,74.60,1.68,173.00,159.00,60.00,1.03,737.00,Yoga,26.00,2.00,4.00,2.00,26.43
42,Female,72.90,1.62,175.00,139.00,67.00,1.17,732.00,Yoga,25.70,2.00,4.00,2.00,27.78
34,Male,65.90,1.62,199.00,164.00,56.00,0.81,731.00,Yoga,28.80,2.20,2.00,1.00,25.11
57,Female,51.40,1.63,183.00,134.00,73.00,1.20,724.00,Yoga,33.70,2.00,4.00,2.00,19.35
29,Male,120.90,1.78,197.00,168.00,65.00,0.78,721.00,Yoga,28.10,3.40,2.00,1.00,38.16
54,Female,78.10,1.60,198.00,145.00,73.00,1.10,718.00,Yoga,32.90,2.40,4.00,2.00,30.51
22,Male,106.80,1.82,170.00,130.00,50.00,1.00,715.00,Yoga,28.20,2.30,4.00,2.00,32.24
59,Female,60.70,1.73,185.00,154.00,55.00,1.03,714.00,Yoga,33.80,2.50,3.00,2.00,20.28
42,Female,72.40,1.69,177.00,148.00,61.00,1.07,713.00,Yoga,29.00,2.30,3.00,2.00,25.35
25,Female,41.10,1.67,186.00,138.00,71.00,1.03,711.00,Yoga,31.90,2.40,3.00,2.00,14.74
46,Female,66.50,1.73,163.00,142.00,56.00,1.11,709.00,Yoga,34.70,2.00,3.00,1.00,22.22
50,Male,57.10,1.91,184.00,131.00,68.00,1.09,707.00,Yoga,29.50,2.70,4.00,2.00,15.65
31,Female,66.60,1.67,184.00,137.00,71.00,1.02,699.00,Yoga,31.00,1.50,4.00,2.00,23.88
21,Male,101.50,1.95,171.00,131.00,69.00,0.97,699.00,Yoga,27.90,3.10,3.00,1.00,26.69
20,Male,83.00,1.80,167.00,160.00,73.00,0.79,695.00,Yoga,29.60,2.90,2.00,1.00,25.62
40,Female,70.00,1.55,171.00,163.00,74.00,0.85,693.00,Yoga,31.10,1.50,3.00,1.00,29.14
54,Male,116.40,2.00,184.00,123.00,65.00,1.13,688.00,Yoga,26.20,3.10,3.00,1.00,29.10
49,Female,40.00,1.65,188.00,148.00,74.00,1.03,686.00,Yoga,34.30,2.50,3.00,2.00,14.69
45,Female,58.20,1.70,168.00,160.00,53.00,0.95,684.00,Yoga,26.80,2.00,3.00,1.00,20.14
48,Male,73.10,1.83,194.00,131.00,71.00,1.05,681.00,Yoga,28.00,2.80,4.00,2.00,21.83
56,Male,107.80,1.73,185.00,126.00,50.00,1.09,680.00,Yoga,26.60,2.80,3.00,2.00,36.02
39,Female,56.00,1.60,184.00,151.00,69.00,0.89,672.00,Yoga,32.60,2.00,2.00,1.00,21.87
51,Female,44.80,1.63,198.00,137.00,69.00,1.08,666.00,Yoga,33.80,2.10,4.00,2.00,16.86
40,Male,81.70,1.74,166.00,133.00,58.00,0.91,666.00,Yoga,27.00,2.70,2.00,1.00,26.99
33,Female,45.90,1.50,189.00,144.00,62.00,0.92,662.00,Yoga,29.80,1.70,3.00,1.00,20.40
23,Male,121.30,1.85,196.00,167.00,53.00,0.72,661.00,Yoga,21.60,3.60,2.00,1.00,35.44
43,Male,110.00,1.76,160.00,122.00,50.00,1.09,658.00,Yoga,22.00,3.40,3.00,1.00,35.51
39,Male,102.30,1.94,192.00,134.00,50.00,0.89,656.00,Yoga,22.90,2.40,3.00,1.00,27.18
23,Male,108.60,1.92,197.00,134.00,50.00,0.89,656.00,Yoga,25.80,3.50,2.00,1.00,29.46
20,Female,65.40,1.52,185.00,127.00,50.00,1.03,654.00,Yoga,28.00,2.20,4.00,2.00,28.31
52,Male,47.80,1.86,179.00,129.00,67.00,1.01,645.00,Yoga,24.70,2.80,3.00,2.00,13.82
30,Female,70.40,1.56,171.00,125.00,62.00,1.03,644.00,Yoga,34.30,2.40,4.00,2.00,28.93
22,Female,58.30,1.72,173.00,128.00,63.00,1.00,640.00,Yoga,32.60,1.60,3.00,2.00,19.71
56,Male,125.30,1.86,197.00,129.00,64.00,1.00,639.00,Yoga,22.70,2.20,3.00,2.00,36.22
26,Male,73.70,1.66,177.00,125.00,72.00,0.93,639.00,Yoga,26.70,2.20,2.00,1.00,26.75
55,Male,52.10,1.68,180.00,167.00,50.00,0.77,637.00,Yoga,23.60,3.00,3.00,1.00,18.46
41,Male,101.10,1.83,160.00,162.00,66.00,0.79,634.00,Yoga,28.60,3.20,2.00,1.00,30.19
57,Male,126.80,1.63,161.00,133.00,73.00,0.96,632.00,Yoga,20.80,2.10,2.00,1.00,47.72
38,Male,91.50,1.77,178.00,140.00,74.00,0.80,616.00,Yoga,26.70,3.40,2.00,1.00,29.21
51,Female,57.40,1.77,177.00,123.00,72.00,1.08,598.00,Yoga,31.60,2.10,4.00,2.00,18.32
23,Female,40.90,1.75,167.00,145.00,61.00,0.82,594.00,Yoga,25.20,2.10,3.00,1.00,13.36
54,Male,78.40,1.90,174.00,146.00,72.00,0.81,585.00,Yoga,21.50,3.70,2.00,1.00,21.72
34,Male,92.00,1.76,175.00,143.00,73.00,0.73,574.00,Yoga,22.10,3.50,3.00,1.00,29.70
50,Male,51.10,1.98,171.00,126.00,52.00,0.92,574.00,Yoga,28.00,2.40,2.00,1.00,13.03
18,Female,66.90,1.75,170.00,122.00,61.00,0.94,573.00,Yoga,26.80,1.70,2.00,1.00,21.84
55,Female,42.90,1.69,186.00,140.00,56.00,0.90,567.00,Yoga,34.70,2.40,2.00,1.00,15.02
40,Female,72.20,1.60,173.00,130.00,67.00,0.87,566.00,Yoga,29.20,1.90,3.00,1.00,28.20
24,Female,72.90,1.76,175.00,127.00,68.00,0.86,546.00,Yoga,30.80,1.50,3.00,1.00,23.53
41,Male,66.10,1.69,187.00,143.00,68.00,0.77,545.00,Yoga,27.40,3.40,2.00,1.00,23.14
55,Male,129.90,1.73,187.00,155.00,60.00,0.69,529.00,Yoga,21.70,3.10,3.00,1.00,43.40
31,Male,70.20,1.98,199.00,129.00,61.00,0.71,504.00,Yoga,24.20,2.50,2.00,1.00,17.91
59,Male,122.30,1.89,178.00,153.00,51.00,0.66,500.00,Yoga,20.10,3.10,3.00,1.00,34.24
30,Male,64.10,1.87,182.00,142.00,67.00,0.64,500.00,Yoga,26.20,2.10,2.00,1.00,18.33
29,Male,95.20,1.86,174.00,141.00,52.00,0.64,496.00,Yoga,26.60,2.50,2.00,1.00,27.52
30,Male,120.30,1.96,171.00,136.00,65.00,0.66,494.00,Yoga,23.90,2.60,2.00,1.00,31.32
44,Female,48.00,1.76,189.00,124.00,52.00,0.88,491.00,Yoga,28.60,2.60,2.00,1.00,15.50
38,Female,76.60,1.58,199.00,130.00,53.00,0.74,481.00,Yoga,32.20,2.30,2.00,1.00,30.68
56,Male,69.30,1.68,195.00,138.00,58.00,0.66,451.00,Yoga,26.50,2.10,2.00,1.00,24.55
54,Male,67.00,1.68,191.00,164.00,63.00,0.55,446.00,Yoga,20.50,2.80,3.00,1.00,23.74
49,Male,70.20,1.89,194.00,127.00,51.00,0.70,440.00,Yoga,29.60,2.60,3.00,1.00,19.65
43,Female,42.70,1.66,173.00,134.00,53.00,0.73,440.00,Yoga,33.90,1.90,2.00,1.00,15.50
48,Female,52.30,1.66,174.00,130.00,71.00,0.74,433.00,Yoga,33.00,1.80,3.00,1.00,18.98
41,Male,71.70,1.96,162.00,168.00,51.00,0.51,424.00,Yoga,27.30,2.50,2.00,1.00,18.66
59,Male,96.70,1.71,183.00,150.00,62.00,0.57,423.00,Yoga,28.40,2.90,3.00,1.00,33.07
20,Female,51.10,1.58,188.00,169.00,64.00,0.50,422.00,Yoga,29.60,1.60,2.00,1.00,20.47
29,Female,56.20,1.77,191.00,123.00,61.00,0.68,418.00,Yoga,33.40,2.60,3.00,1.00,17.94
40,Female,58.10,1.56,174.00,136.00,63.00,0.61,415.00,Yoga,34.40,2.20,2.00,1.00,23.87
58,Female,56.50,1.70,170.00,122.00,57.00,0.74,406.00,Yoga,27.00,2.70,2.00,1.00,19.55
42,Female,46.60,1.77,184.00,139.00,63.00,0.61,382.00,Yoga,28.10,2.60,2.00,1.00,14.87
23,Female,44.10,1.62,196.00,122.00,58.00,0.58,354.00,Yoga,25.70,2.70,2.00,1.00,16.80
25,Female,77.70,1.55,184.00,120.00,52.00,0.55,330.00,Yoga,33.00,1.70,2.00,1.00,32.34